poll_time_utc,advisory_type,waterbody,wb_api_id,wb_class,rain_gauge,occurred_on,duration_hr,volume
2026-08-01T00:14:57Z,WQ,Alley Creek,12,I,TI,2026-07-31T19:00:00,0.0,0.0
2026-08-01T00:14:57Z,WQ,"Arthur Kill, Lower",28,I,OB,2026-07-31T19:00:00,0.0,0.0
2026-08-01T00:14:57Z,WQ,"Arthur Kill, Upper",29,SD,OB,2026-07-31T19:00:00,0.0,0.0
2026-08-01T00:14:57Z,WQ,Bergen Basin,42,I,JA,2026-07-31T19:00:00,4.0,0.0
2026-08-01T00:14:57Z,WQ,Bowery Bay,37,I,BB,2026-07-31T19:00:00,0.0,0.0
2026-08-01T00:14:57Z,WQ,"Bronx River, Lower",8,I,HP,2026-07-31T19:00:00,0.0,0.0
2026-08-01T00:14:57Z,WQ,Coney Island Creek,2,I,CI,2026-07-31T19:00:00,8.0,0.0
2026-08-01T00:14:57Z,WQ,East River (near Steinway Creek),38,SD,BB,2026-07-31T19:00:00,0.0,0.0
2026-08-01T00:14:57Z,WQ,East River (near Throgs Neck),31,SB,TI,2026-07-31T19:00:00,0.0,0.0
2026-08-01T00:14:57Z,WQ,East River (RFK to Whitestone),36,I,TI,2026-07-31T19:00:00,0.0,0.0
2026-08-01T00:14:57Z,WQ,"East River, Lower",6,I,NC,2026-07-31T19:00:00,0.0,0.0
2026-08-01T00:14:57Z,WQ,Eastchester Bay,13,SB,HP,2026-07-31T19:00:00,0.0,0.0
2026-08-01T00:14:57Z,WQ,Erie Basin,23,SC,RH,2026-07-31T19:00:00,0.0,0.0
2026-08-01T00:14:57Z,WQ,Flushing Bay,10,I,BB,2026-07-31T19:00:00,0.0,0.0
2026-08-01T00:14:57Z,WQ,Flushing Creek,24,I,TI,2026-07-31T19:00:00,5.0,0.0
2026-08-01T00:14:57Z,WQ,Fresh Creek,15,I,26W,2026-07-31T19:00:00,0.0,0.0
2026-08-01T00:14:57Z,WQ,"Fresh Kills, Lower",40,SD,PR,2026-07-31T19:00:00,4.0,0.0
2026-08-01T00:14:57Z,WQ,"Fresh Kills, Upper",27,SD,PR,2026-07-31T19:00:00,36.0,0.0
2026-08-01T00:14:57Z,WQ,Gerritsen Creek,18,SB,RK,2026-07-31T19:00:00,0.0,0.0
2026-08-01T00:14:57Z,WQ,"Gowanus Canal, Inner",41,SC,RH,2026-07-31T19:00:00,0.0,0.0
2026-08-01T00:14:57Z,WQ,"Gowanus Canal, Outer",30,SB,RH,2026-07-31T19:00:00,0.0,0.0
2026-08-01T00:14:57Z,WQ,Gravesend Bay,1,SB,OH,2026-07-31T19:00:00,0.0,0.0
2026-08-01T00:14:57Z,WQ,Harlem River,7,SB(WW),WI,2026-07-31T19:00:00,0.0,0.0
2026-08-01T00:14:57Z,WQ,Hendrix Creek,14,I,26W,2026-07-31T19:00:00,0.0,0.0
2026-08-01T00:14:57Z,WQ,Hudson River (Bronx),22,SB,WI,2026-07-31T19:00:00,0.0,0.0
2026-08-01T00:14:57Z,WQ,Hudson River (Manhattan),21,SB,NR,2026-07-31T19:00:00,0.0,0.0
2026-08-01T00:14:57Z,WQ,"Hutchinson River, Lower",35,SB,HP,2026-07-31T19:00:00,0.0,0.0
2026-08-01T00:14:57Z,WQ,Jamaica Bay (Brooklyn),33,SB,26W,2026-07-31T19:00:00,0.0,0.0
2026-08-01T00:14:57Z,WQ,Jamaica Bay (Queens),32,SB,JA,2026-07-31T19:00:00,0.0,0.0
2026-08-01T00:14:57Z,WQ,Kill Van Kull,4,SC,PR,2026-07-31T19:00:00,0.0,0.0
2026-08-01T00:14:57Z,WQ,Little Neck Bay,11,SB,TI,2026-07-31T19:00:00,0.0,0.0
2026-08-01T00:14:57Z,WQ,Lower New York Bay,26,SB,OB,2026-07-31T19:00:00,0.0,0.0
2026-08-01T00:14:57Z,WQ,Mill Basin,17,SB,CI,2026-07-31T19:00:00,0.0,0.0
2026-08-01T00:14:57Z,WQ,Newark Bay,3,SC,PR,2026-07-31T19:00:00,0.0,0.0
2026-08-01T00:14:57Z,WQ,"Newtown Creek, Lower",45,SD,NC,2026-07-31T19:00:00,0.0,0.0
2026-08-01T00:14:57Z,WQ,"Newtown Creek, Upper",5,SD,NC,2026-07-31T19:00:00,0.0,0.0
2026-08-01T00:14:57Z,WQ,Paerdegat Basin,16,I,CI,2026-07-31T19:00:00,0.0,0.0
2026-08-01T00:14:57Z,WQ,Powell Cove,39,I,TI,2026-07-31T19:00:00,0.0,0.0
2026-08-01T00:14:57Z,WQ,Sheepshead Bay,20,SB,CI,2026-07-31T19:00:00,0.0,0.0
2026-08-01T00:14:57Z,WQ,Shellbank Basin,43,SB,JA,2026-07-31T19:00:00,0.0,0.0
2026-08-01T00:14:57Z,WQ,Spring Creek,25,I,26W,2026-07-31T19:00:00,0.0,0.0
2026-08-01T00:14:57Z,WQ,Thurston Basin,44,I,JA,2026-07-31T19:00:00,3.0,0.0
2026-08-01T00:14:57Z,WQ,Upper New York Bay,19,SB,OH,2026-07-31T19:00:00,0.0,0.0
2026-08-01T00:14:57Z,WQ,Westchester Creek,9,I,HP,2026-07-31T19:00:00,0.0,0.0
2026-08-01T00:14:57Z,WQ,Western Long Island Sound,34,SB,HP,2026-07-31T19:00:00,0.0,0.0
2026-08-01T00:14:57Z,CSO,Alley Creek,12,I,TI,2026-07-31T19:00:00,0.0,0.0
2026-08-01T00:14:57Z,CSO,"Arthur Kill, Lower",28,I,OB,2026-07-31T19:00:00,0.0,0.0
2026-08-01T00:14:57Z,CSO,"Arthur Kill, Upper",29,SD,OB,2026-07-31T19:00:00,0.0,0.0
2026-08-01T00:14:57Z,CSO,Bergen Basin,42,I,JA,2026-07-31T19:00:00,3.0,0.0
2026-08-01T00:14:57Z,CSO,Bowery Bay,37,I,BB,2026-07-31T19:00:00,6.0,0.0
2026-08-01T00:14:57Z,CSO,"Bronx River, Lower",8,I,HP,2026-07-31T19:00:00,0.0,0.0
2026-08-01T00:14:57Z,CSO,Coney Island Creek,2,I,CI,2026-07-31T19:00:00,0.0,0.0
2026-08-01T00:14:57Z,CSO,East River (near Steinway Creek),38,SD,BB,2026-07-31T19:00:00,6.0,0.0
2026-08-01T00:14:57Z,CSO,East River (near Throgs Neck),31,SB,TI,2026-07-31T19:00:00,0.0,0.0
2026-08-01T00:14:57Z,CSO,East River (RFK to Whitestone),36,I,TI,2026-07-31T19:00:00,0.0,0.0
2026-08-01T00:14:57Z,CSO,"East River, Lower",6,I,NC,2026-07-31T19:00:00,3.0,0.0
2026-08-01T00:14:57Z,CSO,Eastchester Bay,13,SB,HP,2026-07-31T19:00:00,0.0,0.0
2026-08-01T00:14:57Z,CSO,Erie Basin,23,SC,RH,2026-07-31T19:00:00,0.0,0.0
2026-08-01T00:14:57Z,CSO,Flushing Bay,10,I,BB,2026-07-31T19:00:00,6.0,0.0
2026-08-01T00:14:57Z,CSO,Flushing Creek,24,I,TI,2026-07-31T19:00:00,0.0,0.0
2026-08-01T00:14:57Z,CSO,Fresh Creek,15,I,26W,2026-07-31T19:00:00,0.0,0.0
2026-08-01T00:14:57Z,CSO,"Fresh Kills, Lower",40,SD,PR,2026-07-31T19:00:00,2.0,0.0
2026-08-01T00:14:57Z,CSO,"Fresh Kills, Upper",27,SD,PR,2026-07-31T19:00:00,2.0,0.0
2026-08-01T00:14:57Z,CSO,Gerritsen Creek,18,SB,RK,2026-07-31T19:00:00,0.0,0.0
2026-08-01T00:14:57Z,CSO,"Gowanus Canal, Inner",41,SC,RH,2026-07-31T19:00:00,0.0,0.0
2026-08-01T00:14:57Z,CSO,"Gowanus Canal, Outer",30,SB,RH,2026-07-31T19:00:00,0.0,0.0
2026-08-01T00:14:57Z,CSO,Gravesend Bay,1,SB,OH,2026-07-31T19:00:00,0.0,0.0
2026-08-01T00:14:57Z,CSO,Harlem River,7,SB(WW),WI,2026-07-31T19:00:00,6.0,0.0
2026-08-01T00:14:57Z,CSO,Hendrix Creek,14,I,26W,2026-07-31T19:00:00,0.0,0.0
2026-08-01T00:14:57Z,CSO,Hudson River (Bronx),22,SB,WI,2026-07-31T19:00:00,6.0,0.0
2026-08-01T00:14:57Z,CSO,Hudson River (Manhattan),21,SB,NR,2026-07-31T19:00:00,0.0,0.0
2026-08-01T00:14:57Z,CSO,"Hutchinson River, Lower",35,SB,HP,2026-07-31T19:00:00,0.0,0.0
2026-08-01T00:14:57Z,CSO,Jamaica Bay (Brooklyn),33,SB,26W,2026-07-31T19:00:00,0.0,0.0
2026-08-01T00:14:57Z,CSO,Jamaica Bay (Queens),32,SB,JA,2026-07-31T19:00:00,3.0,0.0
2026-08-01T00:14:57Z,CSO,Kill Van Kull,4,SC,PR,2026-07-31T19:00:00,2.0,0.0
2026-08-01T00:14:57Z,CSO,Little Neck Bay,11,SB,TI,2026-07-31T19:00:00,0.0,0.0
2026-08-01T00:14:57Z,CSO,Lower New York Bay,26,SB,OB,2026-07-31T19:00:00,0.0,0.0
2026-08-01T00:14:57Z,CSO,Mill Basin,17,SB,CI,2026-07-31T19:00:00,0.0,0.0
2026-08-01T00:14:57Z,CSO,Newark Bay,3,SC,PR,2026-07-31T19:00:00,2.0,0.0
2026-08-01T00:14:57Z,CSO,"Newtown Creek, Lower",45,SD,NC,2026-07-31T19:00:00,3.0,0.0
2026-08-01T00:14:57Z,CSO,"Newtown Creek, Upper",5,SD,NC,2026-07-31T19:00:00,3.0,0.0
2026-08-01T00:14:57Z,CSO,Paerdegat Basin,16,I,CI,2026-07-31T19:00:00,0.0,0.0
2026-08-01T00:14:57Z,CSO,Powell Cove,39,I,TI,2026-07-31T19:00:00,0.0,0.0
2026-08-01T00:14:57Z,CSO,Sheepshead Bay,20,SB,CI,2026-07-31T19:00:00,0.0,0.0
2026-08-01T00:14:57Z,CSO,Shellbank Basin,43,SB,JA,2026-07-31T19:00:00,3.0,0.0
2026-08-01T00:14:57Z,CSO,Spring Creek,25,I,26W,2026-07-31T19:00:00,0.0,0.0
2026-08-01T00:14:57Z,CSO,Thurston Basin,44,I,JA,2026-07-31T19:00:00,3.0,0.0
2026-08-01T00:14:57Z,CSO,Upper New York Bay,19,SB,OH,2026-07-31T19:00:00,0.0,0.0
2026-08-01T00:14:57Z,CSO,Westchester Creek,9,I,HP,2026-07-31T19:00:00,0.0,0.0
2026-08-01T00:14:57Z,CSO,Western Long Island Sound,34,SB,HP,2026-07-31T19:00:00,0.0,0.0
2026-08-01T08:57:07Z,WQ,Alley Creek,12,I,TI,2026-08-01T03:00:00,0.0,0.0
2026-08-01T08:57:07Z,WQ,"Arthur Kill, Lower",28,I,OB,2026-08-01T03:00:00,0.0,0.0
2026-08-01T08:57:07Z,WQ,"Arthur Kill, Upper",29,SD,OB,2026-08-01T03:00:00,0.0,0.0
2026-08-01T08:57:07Z,WQ,Bergen Basin,42,I,JA,2026-08-01T03:00:00,0.0,0.0
2026-08-01T08:57:07Z,WQ,Bowery Bay,37,I,BB,2026-08-01T03:00:00,0.0,0.0
2026-08-01T08:57:07Z,WQ,"Bronx River, Lower",8,I,HP,2026-08-01T03:00:00,0.0,0.0
2026-08-01T08:57:07Z,WQ,Coney Island Creek,2,I,CI,2026-08-01T03:00:00,0.0,0.0
2026-08-01T08:57:07Z,WQ,East River (near Steinway Creek),38,SD,BB,2026-08-01T03:00:00,0.0,0.0
2026-08-01T08:57:07Z,WQ,East River (near Throgs Neck),31,SB,TI,2026-08-01T03:00:00,0.0,0.0
2026-08-01T08:57:07Z,WQ,East River (RFK to Whitestone),36,I,TI,2026-08-01T03:00:00,0.0,0.0
2026-08-01T08:57:07Z,WQ,"East River, Lower",6,I,NC,2026-08-01T03:00:00,0.0,0.0
2026-08-01T08:57:07Z,WQ,Eastchester Bay,13,SB,HP,2026-08-01T03:00:00,0.0,0.0
2026-08-01T08:57:07Z,WQ,Erie Basin,23,SC,RH,2026-08-01T03:00:00,0.0,0.0
2026-08-01T08:57:07Z,WQ,Flushing Bay,10,I,BB,2026-08-01T03:00:00,0.0,0.0
2026-08-01T08:57:07Z,WQ,Flushing Creek,24,I,TI,2026-08-01T03:00:00,0.0,0.0
2026-08-01T08:57:07Z,WQ,Fresh Creek,15,I,26W,2026-08-01T03:00:00,0.0,0.0
2026-08-01T08:57:07Z,WQ,"Fresh Kills, Lower",40,SD,PR,2026-08-01T03:00:00,0.0,0.0
2026-08-01T08:57:07Z,WQ,"Fresh Kills, Upper",27,SD,PR,2026-08-01T03:00:00,28.0,0.0
2026-08-01T08:57:07Z,WQ,Gerritsen Creek,18,SB,RK,2026-08-01T03:00:00,0.0,0.0
2026-08-01T08:57:07Z,WQ,"Gowanus Canal, Inner",41,SC,RH,2026-08-01T03:00:00,0.0,0.0
2026-08-01T08:57:07Z,WQ,"Gowanus Canal, Outer",30,SB,RH,2026-08-01T03:00:00,0.0,0.0
2026-08-01T08:57:07Z,WQ,Gravesend Bay,1,SB,OH,2026-08-01T03:00:00,0.0,0.0
2026-08-01T08:57:07Z,WQ,Harlem River,7,SB(WW),WI,2026-08-01T03:00:00,0.0,0.0
2026-08-01T08:57:07Z,WQ,Hendrix Creek,14,I,26W,2026-08-01T03:00:00,0.0,0.0
2026-08-01T08:57:07Z,WQ,Hudson River (Bronx),22,SB,WI,2026-08-01T03:00:00,0.0,0.0
2026-08-01T08:57:07Z,WQ,Hudson River (Manhattan),21,SB,NR,2026-08-01T03:00:00,0.0,0.0
2026-08-01T08:57:07Z,WQ,"Hutchinson River, Lower",35,SB,HP,2026-08-01T03:00:00,0.0,0.0
2026-08-01T08:57:07Z,WQ,Jamaica Bay (Brooklyn),33,SB,26W,2026-08-01T03:00:00,0.0,0.0
2026-08-01T08:57:07Z,WQ,Jamaica Bay (Queens),32,SB,JA,2026-08-01T03:00:00,0.0,0.0
2026-08-01T08:57:07Z,WQ,Kill Van Kull,4,SC,PR,2026-08-01T03:00:00,0.0,0.0
2026-08-01T08:57:07Z,WQ,Little Neck Bay,11,SB,TI,2026-08-01T03:00:00,0.0,0.0
2026-08-01T08:57:07Z,WQ,Lower New York Bay,26,SB,OB,2026-08-01T03:00:00,0.0,0.0
2026-08-01T08:57:07Z,WQ,Mill Basin,17,SB,CI,2026-08-01T03:00:00,0.0,0.0
2026-08-01T08:57:07Z,WQ,Newark Bay,3,SC,PR,2026-08-01T03:00:00,0.0,0.0
2026-08-01T08:57:07Z,WQ,"Newtown Creek, Lower",45,SD,NC,2026-08-01T03:00:00,0.0,0.0
2026-08-01T08:57:07Z,WQ,"Newtown Creek, Upper",5,SD,NC,2026-08-01T03:00:00,0.0,0.0
2026-08-01T08:57:07Z,WQ,Paerdegat Basin,16,I,CI,2026-08-01T03:00:00,0.0,0.0
2026-08-01T08:57:07Z,WQ,Powell Cove,39,I,TI,2026-08-01T03:00:00,0.0,0.0
2026-08-01T08:57:07Z,WQ,Sheepshead Bay,20,SB,CI,2026-08-01T03:00:00,0.0,0.0
2026-08-01T08:57:07Z,WQ,Shellbank Basin,43,SB,JA,2026-08-01T03:00:00,0.0,0.0
2026-08-01T08:57:07Z,WQ,Spring Creek,25,I,26W,2026-08-01T03:00:00,0.0,0.0
2026-08-01T08:57:07Z,WQ,Thurston Basin,44,I,JA,2026-08-01T03:00:00,0.0,0.0
2026-08-01T08:57:07Z,WQ,Upper New York Bay,19,SB,OH,2026-08-01T03:00:00,0.0,0.0
2026-08-01T08:57:07Z,WQ,Westchester Creek,9,I,HP,2026-08-01T03:00:00,0.0,0.0
2026-08-01T08:57:07Z,WQ,Western Long Island Sound,34,SB,HP,2026-08-01T03:00:00,0.0,0.0
2026-08-01T08:57:07Z,CSO,Alley Creek,12,I,TI,2026-08-01T03:00:00,0.0,0.0
2026-08-01T08:57:07Z,CSO,"Arthur Kill, Lower",28,I,OB,2026-08-01T03:00:00,0.0,0.0
2026-08-01T08:57:07Z,CSO,"Arthur Kill, Upper",29,SD,OB,2026-08-01T03:00:00,0.0,0.0
2026-08-01T08:57:07Z,CSO,Bergen Basin,42,I,JA,2026-08-01T03:00:00,0.0,0.0
2026-08-01T08:57:07Z,CSO,Bowery Bay,37,I,BB,2026-08-01T03:00:00,0.0,0.0
2026-08-01T08:57:07Z,CSO,"Bronx River, Lower",8,I,HP,2026-08-01T03:00:00,0.0,0.0
2026-08-01T08:57:07Z,CSO,Coney Island Creek,2,I,CI,2026-08-01T03:00:00,0.0,0.0
2026-08-01T08:57:07Z,CSO,East River (near Steinway Creek),38,SD,BB,2026-08-01T03:00:00,0.0,0.0
2026-08-01T08:57:07Z,CSO,East River (near Throgs Neck),31,SB,TI,2026-08-01T03:00:00,0.0,0.0
2026-08-01T08:57:07Z,CSO,East River (RFK to Whitestone),36,I,TI,2026-08-01T03:00:00,0.0,0.0
2026-08-01T08:57:07Z,CSO,"East River, Lower",6,I,NC,2026-08-01T03:00:00,0.0,0.0
2026-08-01T08:57:07Z,CSO,Eastchester Bay,13,SB,HP,2026-08-01T03:00:00,0.0,0.0
2026-08-01T08:57:07Z,CSO,Erie Basin,23,SC,RH,2026-08-01T03:00:00,0.0,0.0
2026-08-01T08:57:07Z,CSO,Flushing Bay,10,I,BB,2026-08-01T03:00:00,0.0,0.0
2026-08-01T08:57:07Z,CSO,Flushing Creek,24,I,TI,2026-08-01T03:00:00,0.0,0.0
2026-08-01T08:57:07Z,CSO,Fresh Creek,15,I,26W,2026-08-01T03:00:00,0.0,0.0
2026-08-01T08:57:07Z,CSO,"Fresh Kills, Lower",40,SD,PR,2026-08-01T03:00:00,0.0,0.0
2026-08-01T08:57:07Z,CSO,"Fresh Kills, Upper",27,SD,PR,2026-08-01T03:00:00,0.0,0.0
2026-08-01T08:57:07Z,CSO,Gerritsen Creek,18,SB,RK,2026-08-01T03:00:00,0.0,0.0
2026-08-01T08:57:07Z,CSO,"Gowanus Canal, Inner",41,SC,RH,2026-08-01T03:00:00,0.0,0.0
2026-08-01T08:57:07Z,CSO,"Gowanus Canal, Outer",30,SB,RH,2026-08-01T03:00:00,0.0,0.0
2026-08-01T08:57:07Z,CSO,Gravesend Bay,1,SB,OH,2026-08-01T03:00:00,0.0,0.0
2026-08-01T08:57:07Z,CSO,Harlem River,7,SB(WW),WI,2026-08-01T03:00:00,0.0,0.0
2026-08-01T08:57:07Z,CSO,Hendrix Creek,14,I,26W,2026-08-01T03:00:00,0.0,0.0
2026-08-01T08:57:07Z,CSO,Hudson River (Bronx),22,SB,WI,2026-08-01T03:00:00,0.0,0.0
2026-08-01T08:57:07Z,CSO,Hudson River (Manhattan),21,SB,NR,2026-08-01T03:00:00,0.0,0.0
2026-08-01T08:57:07Z,CSO,"Hutchinson River, Lower",35,SB,HP,2026-08-01T03:00:00,0.0,0.0
2026-08-01T08:57:07Z,CSO,Jamaica Bay (Brooklyn),33,SB,26W,2026-08-01T03:00:00,0.0,0.0
2026-08-01T08:57:07Z,CSO,Jamaica Bay (Queens),32,SB,JA,2026-08-01T03:00:00,0.0,0.0
2026-08-01T08:57:07Z,CSO,Kill Van Kull,4,SC,PR,2026-08-01T03:00:00,0.0,0.0
2026-08-01T08:57:07Z,CSO,Little Neck Bay,11,SB,TI,2026-08-01T03:00:00,0.0,0.0
2026-08-01T08:57:07Z,CSO,Lower New York Bay,26,SB,OB,2026-08-01T03:00:00,0.0,0.0
2026-08-01T08:57:07Z,CSO,Mill Basin,17,SB,CI,2026-08-01T03:00:00,0.0,0.0
2026-08-01T08:57:07Z,CSO,Newark Bay,3,SC,PR,2026-08-01T03:00:00,0.0,0.0
2026-08-01T08:57:07Z,CSO,"Newtown Creek, Lower",45,SD,NC,2026-08-01T03:00:00,0.0,0.0
2026-08-01T08:57:07Z,CSO,"Newtown Creek, Upper",5,SD,NC,2026-08-01T03:00:00,0.0,0.0
2026-08-01T08:57:07Z,CSO,Paerdegat Basin,16,I,CI,2026-08-01T03:00:00,0.0,0.0
2026-08-01T08:57:07Z,CSO,Powell Cove,39,I,TI,2026-08-01T03:00:00,0.0,0.0
2026-08-01T08:57:07Z,CSO,Sheepshead Bay,20,SB,CI,2026-08-01T03:00:00,0.0,0.0
2026-08-01T08:57:07Z,CSO,Shellbank Basin,43,SB,JA,2026-08-01T03:00:00,0.0,0.0
2026-08-01T08:57:07Z,CSO,Spring Creek,25,I,26W,2026-08-01T03:00:00,0.0,0.0
2026-08-01T08:57:07Z,CSO,Thurston Basin,44,I,JA,2026-08-01T03:00:00,0.0,0.0
2026-08-01T08:57:07Z,CSO,Upper New York Bay,19,SB,OH,2026-08-01T03:00:00,0.0,0.0
2026-08-01T08:57:07Z,CSO,Westchester Creek,9,I,HP,2026-08-01T03:00:00,0.0,0.0
2026-08-01T08:57:07Z,CSO,Western Long Island Sound,34,SB,HP,2026-08-01T03:00:00,0.0,0.0
2026-08-01T12:17:25Z,WQ,Alley Creek,12,I,TI,2026-08-01T07:00:00,0.0,0.0
2026-08-01T12:17:25Z,WQ,"Arthur Kill, Lower",28,I,OB,2026-08-01T07:00:00,0.0,0.0
2026-08-01T12:17:25Z,WQ,"Arthur Kill, Upper",29,SD,OB,2026-08-01T07:00:00,0.0,0.0
2026-08-01T12:17:25Z,WQ,Bergen Basin,42,I,JA,2026-08-01T07:00:00,0.0,0.0
2026-08-01T12:17:25Z,WQ,Bowery Bay,37,I,BB,2026-08-01T07:00:00,0.0,0.0
2026-08-01T12:17:25Z,WQ,"Bronx River, Lower",8,I,HP,2026-08-01T07:00:00,0.0,0.0
2026-08-01T12:17:25Z,WQ,Coney Island Creek,2,I,CI,2026-08-01T07:00:00,0.0,0.0
2026-08-01T12:17:25Z,WQ,East River (near Steinway Creek),38,SD,BB,2026-08-01T07:00:00,0.0,0.0
2026-08-01T12:17:25Z,WQ,East River (near Throgs Neck),31,SB,TI,2026-08-01T07:00:00,0.0,0.0
2026-08-01T12:17:25Z,WQ,East River (RFK to Whitestone),36,I,TI,2026-08-01T07:00:00,0.0,0.0
2026-08-01T12:17:25Z,WQ,"East River, Lower",6,I,NC,2026-08-01T07:00:00,0.0,0.0
2026-08-01T12:17:25Z,WQ,Eastchester Bay,13,SB,HP,2026-08-01T07:00:00,0.0,0.0
2026-08-01T12:17:25Z,WQ,Erie Basin,23,SC,RH,2026-08-01T07:00:00,0.0,0.0
2026-08-01T12:17:25Z,WQ,Flushing Bay,10,I,BB,2026-08-01T07:00:00,0.0,0.0
2026-08-01T12:17:25Z,WQ,Flushing Creek,24,I,TI,2026-08-01T07:00:00,0.0,0.0
2026-08-01T12:17:25Z,WQ,Fresh Creek,15,I,26W,2026-08-01T07:00:00,0.0,0.0
2026-08-01T12:17:25Z,WQ,"Fresh Kills, Lower",40,SD,PR,2026-08-01T07:00:00,0.0,0.0
2026-08-01T12:17:25Z,WQ,"Fresh Kills, Upper",27,SD,PR,2026-08-01T07:00:00,24.0,0.0
2026-08-01T12:17:25Z,WQ,Gerritsen Creek,18,SB,RK,2026-08-01T07:00:00,0.0,0.0
2026-08-01T12:17:25Z,WQ,"Gowanus Canal, Inner",41,SC,RH,2026-08-01T07:00:00,0.0,0.0
2026-08-01T12:17:25Z,WQ,"Gowanus Canal, Outer",30,SB,RH,2026-08-01T07:00:00,0.0,0.0
2026-08-01T12:17:25Z,WQ,Gravesend Bay,1,SB,OH,2026-08-01T07:00:00,0.0,0.0
2026-08-01T12:17:25Z,WQ,Harlem River,7,SB(WW),WI,2026-08-01T07:00:00,0.0,0.0
2026-08-01T12:17:25Z,WQ,Hendrix Creek,14,I,26W,2026-08-01T07:00:00,0.0,0.0
2026-08-01T12:17:25Z,WQ,Hudson River (Bronx),22,SB,WI,2026-08-01T07:00:00,0.0,0.0
2026-08-01T12:17:25Z,WQ,Hudson River (Manhattan),21,SB,NR,2026-08-01T07:00:00,0.0,0.0
2026-08-01T12:17:25Z,WQ,"Hutchinson River, Lower",35,SB,HP,2026-08-01T07:00:00,0.0,0.0
2026-08-01T12:17:25Z,WQ,Jamaica Bay (Brooklyn),33,SB,26W,2026-08-01T07:00:00,0.0,0.0
2026-08-01T12:17:25Z,WQ,Jamaica Bay (Queens),32,SB,JA,2026-08-01T07:00:00,0.0,0.0
2026-08-01T12:17:25Z,WQ,Kill Van Kull,4,SC,PR,2026-08-01T07:00:00,0.0,0.0
2026-08-01T12:17:25Z,WQ,Little Neck Bay,11,SB,TI,2026-08-01T07:00:00,0.0,0.0
2026-08-01T12:17:25Z,WQ,Lower New York Bay,26,SB,OB,2026-08-01T07:00:00,0.0,0.0
2026-08-01T12:17:25Z,WQ,Mill Basin,17,SB,CI,2026-08-01T07:00:00,0.0,0.0
2026-08-01T12:17:25Z,WQ,Newark Bay,3,SC,PR,2026-08-01T07:00:00,0.0,0.0
2026-08-01T12:17:25Z,WQ,"Newtown Creek, Lower",45,SD,NC,2026-08-01T07:00:00,0.0,0.0
2026-08-01T12:17:25Z,WQ,"Newtown Creek, Upper",5,SD,NC,2026-08-01T07:00:00,0.0,0.0
2026-08-01T12:17:25Z,WQ,Paerdegat Basin,16,I,CI,2026-08-01T07:00:00,0.0,0.0
2026-08-01T12:17:25Z,WQ,Powell Cove,39,I,TI,2026-08-01T07:00:00,0.0,0.0
2026-08-01T12:17:25Z,WQ,Sheepshead Bay,20,SB,CI,2026-08-01T07:00:00,0.0,0.0
2026-08-01T12:17:25Z,WQ,Shellbank Basin,43,SB,JA,2026-08-01T07:00:00,0.0,0.0
2026-08-01T12:17:25Z,WQ,Spring Creek,25,I,26W,2026-08-01T07:00:00,0.0,0.0
2026-08-01T12:17:25Z,WQ,Thurston Basin,44,I,JA,2026-08-01T07:00:00,0.0,0.0
2026-08-01T12:17:25Z,WQ,Upper New York Bay,19,SB,OH,2026-08-01T07:00:00,0.0,0.0
2026-08-01T12:17:25Z,WQ,Westchester Creek,9,I,HP,2026-08-01T07:00:00,0.0,0.0
2026-08-01T12:17:25Z,WQ,Western Long Island Sound,34,SB,HP,2026-08-01T07:00:00,0.0,0.0
2026-08-01T12:17:25Z,CSO,Alley Creek,12,I,TI,2026-08-01T07:00:00,0.0,0.0
2026-08-01T12:17:25Z,CSO,"Arthur Kill, Lower",28,I,OB,2026-08-01T07:00:00,0.0,0.0
2026-08-01T12:17:25Z,CSO,"Arthur Kill, Upper",29,SD,OB,2026-08-01T07:00:00,0.0,0.0
2026-08-01T12:17:25Z,CSO,Bergen Basin,42,I,JA,2026-08-01T07:00:00,0.0,0.0
2026-08-01T12:17:25Z,CSO,Bowery Bay,37,I,BB,2026-08-01T07:00:00,0.0,0.0
2026-08-01T12:17:25Z,CSO,"Bronx River, Lower",8,I,HP,2026-08-01T07:00:00,0.0,0.0
2026-08-01T12:17:25Z,CSO,Coney Island Creek,2,I,CI,2026-08-01T07:00:00,0.0,0.0
2026-08-01T12:17:25Z,CSO,East River (near Steinway Creek),38,SD,BB,2026-08-01T07:00:00,0.0,0.0
2026-08-01T12:17:25Z,CSO,East River (near Throgs Neck),31,SB,TI,2026-08-01T07:00:00,0.0,0.0
2026-08-01T12:17:25Z,CSO,East River (RFK to Whitestone),36,I,TI,2026-08-01T07:00:00,0.0,0.0
2026-08-01T12:17:25Z,CSO,"East River, Lower",6,I,NC,2026-08-01T07:00:00,0.0,0.0
2026-08-01T12:17:25Z,CSO,Eastchester Bay,13,SB,HP,2026-08-01T07:00:00,0.0,0.0
2026-08-01T12:17:25Z,CSO,Erie Basin,23,SC,RH,2026-08-01T07:00:00,0.0,0.0
2026-08-01T12:17:25Z,CSO,Flushing Bay,10,I,BB,2026-08-01T07:00:00,0.0,0.0
2026-08-01T12:17:25Z,CSO,Flushing Creek,24,I,TI,2026-08-01T07:00:00,0.0,0.0
2026-08-01T12:17:25Z,CSO,Fresh Creek,15,I,26W,2026-08-01T07:00:00,0.0,0.0
2026-08-01T12:17:25Z,CSO,"Fresh Kills, Lower",40,SD,PR,2026-08-01T07:00:00,0.0,0.0
2026-08-01T12:17:25Z,CSO,"Fresh Kills, Upper",27,SD,PR,2026-08-01T07:00:00,0.0,0.0
2026-08-01T12:17:25Z,CSO,Gerritsen Creek,18,SB,RK,2026-08-01T07:00:00,0.0,0.0
2026-08-01T12:17:25Z,CSO,"Gowanus Canal, Inner",41,SC,RH,2026-08-01T07:00:00,0.0,0.0
2026-08-01T12:17:25Z,CSO,"Gowanus Canal, Outer",30,SB,RH,2026-08-01T07:00:00,0.0,0.0
2026-08-01T12:17:25Z,CSO,Gravesend Bay,1,SB,OH,2026-08-01T07:00:00,0.0,0.0
2026-08-01T12:17:25Z,CSO,Harlem River,7,SB(WW),WI,2026-08-01T07:00:00,0.0,0.0
2026-08-01T12:17:25Z,CSO,Hendrix Creek,14,I,26W,2026-08-01T07:00:00,0.0,0.0
2026-08-01T12:17:25Z,CSO,Hudson River (Bronx),22,SB,WI,2026-08-01T07:00:00,0.0,0.0
2026-08-01T12:17:25Z,CSO,Hudson River (Manhattan),21,SB,NR,2026-08-01T07:00:00,0.0,0.0
2026-08-01T12:17:25Z,CSO,"Hutchinson River, Lower",35,SB,HP,2026-08-01T07:00:00,0.0,0.0
2026-08-01T12:17:25Z,CSO,Jamaica Bay (Brooklyn),33,SB,26W,2026-08-01T07:00:00,0.0,0.0
2026-08-01T12:17:25Z,CSO,Jamaica Bay (Queens),32,SB,JA,2026-08-01T07:00:00,0.0,0.0
2026-08-01T12:17:25Z,CSO,Kill Van Kull,4,SC,PR,2026-08-01T07:00:00,0.0,0.0
2026-08-01T12:17:25Z,CSO,Little Neck Bay,11,SB,TI,2026-08-01T07:00:00,0.0,0.0
2026-08-01T12:17:25Z,CSO,Lower New York Bay,26,SB,OB,2026-08-01T07:00:00,0.0,0.0
2026-08-01T12:17:25Z,CSO,Mill Basin,17,SB,CI,2026-08-01T07:00:00,0.0,0.0
2026-08-01T12:17:25Z,CSO,Newark Bay,3,SC,PR,2026-08-01T07:00:00,0.0,0.0
2026-08-01T12:17:25Z,CSO,"Newtown Creek, Lower",45,SD,NC,2026-08-01T07:00:00,0.0,0.0
2026-08-01T12:17:25Z,CSO,"Newtown Creek, Upper",5,SD,NC,2026-08-01T07:00:00,0.0,0.0
2026-08-01T12:17:25Z,CSO,Paerdegat Basin,16,I,CI,2026-08-01T07:00:00,0.0,0.0
2026-08-01T12:17:25Z,CSO,Powell Cove,39,I,TI,2026-08-01T07:00:00,0.0,0.0
2026-08-01T12:17:25Z,CSO,Sheepshead Bay,20,SB,CI,2026-08-01T07:00:00,0.0,0.0
2026-08-01T12:17:25Z,CSO,Shellbank Basin,43,SB,JA,2026-08-01T07:00:00,0.0,0.0
2026-08-01T12:17:25Z,CSO,Spring Creek,25,I,26W,2026-08-01T07:00:00,0.0,0.0
2026-08-01T12:17:25Z,CSO,Thurston Basin,44,I,JA,2026-08-01T07:00:00,0.0,0.0
2026-08-01T12:17:25Z,CSO,Upper New York Bay,19,SB,OH,2026-08-01T07:00:00,0.0,0.0
2026-08-01T12:17:25Z,CSO,Westchester Creek,9,I,HP,2026-08-01T07:00:00,0.0,0.0
2026-08-01T12:17:25Z,CSO,Western Long Island Sound,34,SB,HP,2026-08-01T07:00:00,0.0,0.0
2026-08-01T13:59:57Z,WQ,Alley Creek,12,I,TI,2026-08-01T08:00:00,0.0,0.0
2026-08-01T13:59:57Z,WQ,"Arthur Kill, Lower",28,I,OB,2026-08-01T08:00:00,0.0,0.0
2026-08-01T13:59:57Z,WQ,"Arthur Kill, Upper",29,SD,OB,2026-08-01T08:00:00,0.0,0.0
2026-08-01T13:59:57Z,WQ,Bergen Basin,42,I,JA,2026-08-01T08:00:00,0.0,0.0
2026-08-01T13:59:57Z,WQ,Bowery Bay,37,I,BB,2026-08-01T08:00:00,0.0,0.0
2026-08-01T13:59:57Z,WQ,"Bronx River, Lower",8,I,HP,2026-08-01T08:00:00,0.0,0.0
2026-08-01T13:59:57Z,WQ,Coney Island Creek,2,I,CI,2026-08-01T08:00:00,0.0,0.0
2026-08-01T13:59:57Z,WQ,East River (near Steinway Creek),38,SD,BB,2026-08-01T08:00:00,0.0,0.0
2026-08-01T13:59:57Z,WQ,East River (near Throgs Neck),31,SB,TI,2026-08-01T08:00:00,0.0,0.0
2026-08-01T13:59:57Z,WQ,East River (RFK to Whitestone),36,I,TI,2026-08-01T08:00:00,0.0,0.0
2026-08-01T13:59:57Z,WQ,"East River, Lower",6,I,NC,2026-08-01T08:00:00,0.0,0.0
2026-08-01T13:59:57Z,WQ,Eastchester Bay,13,SB,HP,2026-08-01T08:00:00,0.0,0.0
2026-08-01T13:59:57Z,WQ,Erie Basin,23,SC,RH,2026-08-01T08:00:00,0.0,0.0
2026-08-01T13:59:57Z,WQ,Flushing Bay,10,I,BB,2026-08-01T08:00:00,0.0,0.0
2026-08-01T13:59:57Z,WQ,Flushing Creek,24,I,TI,2026-08-01T08:00:00,0.0,0.0
2026-08-01T13:59:57Z,WQ,Fresh Creek,15,I,26W,2026-08-01T08:00:00,0.0,0.0
2026-08-01T13:59:57Z,WQ,"Fresh Kills, Lower",40,SD,PR,2026-08-01T08:00:00,0.0,0.0
2026-08-01T13:59:57Z,WQ,"Fresh Kills, Upper",27,SD,PR,2026-08-01T08:00:00,23.0,0.0
2026-08-01T13:59:57Z,WQ,Gerritsen Creek,18,SB,RK,2026-08-01T08:00:00,0.0,0.0
2026-08-01T13:59:57Z,WQ,"Gowanus Canal, Inner",41,SC,RH,2026-08-01T08:00:00,0.0,0.0
2026-08-01T13:59:57Z,WQ,"Gowanus Canal, Outer",30,SB,RH,2026-08-01T08:00:00,0.0,0.0
2026-08-01T13:59:57Z,WQ,Gravesend Bay,1,SB,OH,2026-08-01T08:00:00,0.0,0.0
2026-08-01T13:59:57Z,WQ,Harlem River,7,SB(WW),WI,2026-08-01T08:00:00,0.0,0.0
2026-08-01T13:59:57Z,WQ,Hendrix Creek,14,I,26W,2026-08-01T08:00:00,0.0,0.0
2026-08-01T13:59:57Z,WQ,Hudson River (Bronx),22,SB,WI,2026-08-01T08:00:00,0.0,0.0
2026-08-01T13:59:57Z,WQ,Hudson River (Manhattan),21,SB,NR,2026-08-01T08:00:00,0.0,0.0
2026-08-01T13:59:57Z,WQ,"Hutchinson River, Lower",35,SB,HP,2026-08-01T08:00:00,0.0,0.0
2026-08-01T13:59:57Z,WQ,Jamaica Bay (Brooklyn),33,SB,26W,2026-08-01T08:00:00,0.0,0.0
2026-08-01T13:59:57Z,WQ,Jamaica Bay (Queens),32,SB,JA,2026-08-01T08:00:00,0.0,0.0
2026-08-01T13:59:57Z,WQ,Kill Van Kull,4,SC,PR,2026-08-01T08:00:00,0.0,0.0
2026-08-01T13:59:57Z,WQ,Little Neck Bay,11,SB,TI,2026-08-01T08:00:00,0.0,0.0
2026-08-01T13:59:57Z,WQ,Lower New York Bay,26,SB,OB,2026-08-01T08:00:00,0.0,0.0
2026-08-01T13:59:57Z,WQ,Mill Basin,17,SB,CI,2026-08-01T08:00:00,0.0,0.0
2026-08-01T13:59:57Z,WQ,Newark Bay,3,SC,PR,2026-08-01T08:00:00,0.0,0.0
2026-08-01T13:59:57Z,WQ,"Newtown Creek, Lower",45,SD,NC,2026-08-01T08:00:00,0.0,0.0
2026-08-01T13:59:57Z,WQ,"Newtown Creek, Upper",5,SD,NC,2026-08-01T08:00:00,0.0,0.0
2026-08-01T13:59:57Z,WQ,Paerdegat Basin,16,I,CI,2026-08-01T08:00:00,0.0,0.0
2026-08-01T13:59:57Z,WQ,Powell Cove,39,I,TI,2026-08-01T08:00:00,0.0,0.0
2026-08-01T13:59:57Z,WQ,Sheepshead Bay,20,SB,CI,2026-08-01T08:00:00,0.0,0.0
2026-08-01T13:59:57Z,WQ,Shellbank Basin,43,SB,JA,2026-08-01T08:00:00,0.0,0.0
2026-08-01T13:59:57Z,WQ,Spring Creek,25,I,26W,2026-08-01T08:00:00,0.0,0.0
2026-08-01T13:59:57Z,WQ,Thurston Basin,44,I,JA,2026-08-01T08:00:00,0.0,0.0
2026-08-01T13:59:57Z,WQ,Upper New York Bay,19,SB,OH,2026-08-01T08:00:00,0.0,0.0
2026-08-01T13:59:57Z,WQ,Westchester Creek,9,I,HP,2026-08-01T08:00:00,0.0,0.0
2026-08-01T13:59:57Z,WQ,Western Long Island Sound,34,SB,HP,2026-08-01T08:00:00,0.0,0.0
2026-08-01T16:11:54Z,WQ,Alley Creek,12,I,TI,2026-08-01T11:00:00,0.0,0.0
2026-08-01T16:11:54Z,WQ,"Arthur Kill, Lower",28,I,OB,2026-08-01T11:00:00,0.0,0.0
2026-08-01T16:11:54Z,WQ,"Arthur Kill, Upper",29,SD,OB,2026-08-01T11:00:00,0.0,0.0
2026-08-01T16:11:54Z,WQ,Bergen Basin,42,I,JA,2026-08-01T11:00:00,0.0,0.0
2026-08-01T16:11:54Z,WQ,Bowery Bay,37,I,BB,2026-08-01T11:00:00,0.0,0.0
2026-08-01T16:11:54Z,WQ,"Bronx River, Lower",8,I,HP,2026-08-01T11:00:00,0.0,0.0
2026-08-01T16:11:54Z,WQ,Coney Island Creek,2,I,CI,2026-08-01T11:00:00,0.0,0.0
2026-08-01T16:11:54Z,WQ,East River (near Steinway Creek),38,SD,BB,2026-08-01T11:00:00,0.0,0.0
2026-08-01T16:11:54Z,WQ,East River (near Throgs Neck),31,SB,TI,2026-08-01T11:00:00,0.0,0.0
2026-08-01T16:11:54Z,WQ,East River (RFK to Whitestone),36,I,TI,2026-08-01T11:00:00,0.0,0.0
2026-08-01T16:11:54Z,WQ,"East River, Lower",6,I,NC,2026-08-01T11:00:00,0.0,0.0
2026-08-01T16:11:54Z,WQ,Eastchester Bay,13,SB,HP,2026-08-01T11:00:00,0.0,0.0
2026-08-01T16:11:54Z,WQ,Erie Basin,23,SC,RH,2026-08-01T11:00:00,0.0,0.0
2026-08-01T16:11:54Z,WQ,Flushing Bay,10,I,BB,2026-08-01T11:00:00,0.0,0.0
2026-08-01T16:11:54Z,WQ,Flushing Creek,24,I,TI,2026-08-01T11:00:00,0.0,0.0
2026-08-01T16:11:54Z,WQ,Fresh Creek,15,I,26W,2026-08-01T11:00:00,0.0,0.0
2026-08-01T16:11:54Z,WQ,"Fresh Kills, Lower",40,SD,PR,2026-08-01T11:00:00,0.0,0.0
2026-08-01T16:11:54Z,WQ,"Fresh Kills, Upper",27,SD,PR,2026-08-01T11:00:00,20.0,0.0
2026-08-01T16:11:54Z,WQ,Gerritsen Creek,18,SB,RK,2026-08-01T11:00:00,0.0,0.0
2026-08-01T16:11:54Z,WQ,"Gowanus Canal, Inner",41,SC,RH,2026-08-01T11:00:00,0.0,0.0
2026-08-01T16:11:54Z,WQ,"Gowanus Canal, Outer",30,SB,RH,2026-08-01T11:00:00,0.0,0.0
2026-08-01T16:11:54Z,WQ,Gravesend Bay,1,SB,OH,2026-08-01T11:00:00,0.0,0.0
2026-08-01T16:11:54Z,WQ,Harlem River,7,SB(WW),WI,2026-08-01T11:00:00,0.0,0.0
2026-08-01T16:11:54Z,WQ,Hendrix Creek,14,I,26W,2026-08-01T11:00:00,0.0,0.0
2026-08-01T16:11:54Z,WQ,Hudson River (Bronx),22,SB,WI,2026-08-01T11:00:00,0.0,0.0
2026-08-01T16:11:54Z,WQ,Hudson River (Manhattan),21,SB,NR,2026-08-01T11:00:00,0.0,0.0
2026-08-01T16:11:54Z,WQ,"Hutchinson River, Lower",35,SB,HP,2026-08-01T11:00:00,0.0,0.0
2026-08-01T16:11:54Z,WQ,Jamaica Bay (Brooklyn),33,SB,26W,2026-08-01T11:00:00,0.0,0.0
2026-08-01T16:11:54Z,WQ,Jamaica Bay (Queens),32,SB,JA,2026-08-01T11:00:00,0.0,0.0
2026-08-01T16:11:54Z,WQ,Kill Van Kull,4,SC,PR,2026-08-01T11:00:00,0.0,0.0
2026-08-01T16:11:54Z,WQ,Little Neck Bay,11,SB,TI,2026-08-01T11:00:00,0.0,0.0
2026-08-01T16:11:54Z,WQ,Lower New York Bay,26,SB,OB,2026-08-01T11:00:00,0.0,0.0
2026-08-01T16:11:54Z,WQ,Mill Basin,17,SB,CI,2026-08-01T11:00:00,0.0,0.0
2026-08-01T16:11:54Z,WQ,Newark Bay,3,SC,PR,2026-08-01T11:00:00,0.0,0.0
2026-08-01T16:11:54Z,WQ,"Newtown Creek, Lower",45,SD,NC,2026-08-01T11:00:00,0.0,0.0
2026-08-01T16:11:54Z,WQ,"Newtown Creek, Upper",5,SD,NC,2026-08-01T11:00:00,0.0,0.0
2026-08-01T16:11:54Z,WQ,Paerdegat Basin,16,I,CI,2026-08-01T11:00:00,0.0,0.0
2026-08-01T16:11:54Z,WQ,Powell Cove,39,I,TI,2026-08-01T11:00:00,0.0,0.0
2026-08-01T16:11:54Z,WQ,Sheepshead Bay,20,SB,CI,2026-08-01T11:00:00,0.0,0.0
2026-08-01T16:11:54Z,WQ,Shellbank Basin,43,SB,JA,2026-08-01T11:00:00,0.0,0.0
2026-08-01T16:11:54Z,WQ,Spring Creek,25,I,26W,2026-08-01T11:00:00,0.0,0.0
2026-08-01T16:11:54Z,WQ,Thurston Basin,44,I,JA,2026-08-01T11:00:00,0.0,0.0
2026-08-01T16:11:54Z,WQ,Upper New York Bay,19,SB,OH,2026-08-01T11:00:00,0.0,0.0
2026-08-01T16:11:54Z,WQ,Westchester Creek,9,I,HP,2026-08-01T11:00:00,0.0,0.0
2026-08-01T16:11:54Z,WQ,Western Long Island Sound,34,SB,HP,2026-08-01T11:00:00,0.0,0.0
2026-08-01T16:11:54Z,CSO,Alley Creek,12,I,TI,2026-08-01T11:00:00,0.0,0.0
2026-08-01T16:11:54Z,CSO,"Arthur Kill, Lower",28,I,OB,2026-08-01T11:00:00,0.0,0.0
2026-08-01T16:11:54Z,CSO,"Arthur Kill, Upper",29,SD,OB,2026-08-01T11:00:00,0.0,0.0
2026-08-01T16:11:54Z,CSO,Bergen Basin,42,I,JA,2026-08-01T11:00:00,0.0,0.0
2026-08-01T16:11:54Z,CSO,Bowery Bay,37,I,BB,2026-08-01T11:00:00,0.0,0.0
2026-08-01T16:11:54Z,CSO,"Bronx River, Lower",8,I,HP,2026-08-01T11:00:00,0.0,0.0
2026-08-01T16:11:54Z,CSO,Coney Island Creek,2,I,CI,2026-08-01T11:00:00,0.0,0.0
2026-08-01T16:11:54Z,CSO,East River (near Steinway Creek),38,SD,BB,2026-08-01T11:00:00,0.0,0.0
2026-08-01T16:11:54Z,CSO,East River (near Throgs Neck),31,SB,TI,2026-08-01T11:00:00,0.0,0.0
2026-08-01T16:11:54Z,CSO,East River (RFK to Whitestone),36,I,TI,2026-08-01T11:00:00,0.0,0.0
2026-08-01T16:11:54Z,CSO,"East River, Lower",6,I,NC,2026-08-01T11:00:00,0.0,0.0
2026-08-01T16:11:54Z,CSO,Eastchester Bay,13,SB,HP,2026-08-01T11:00:00,0.0,0.0
2026-08-01T16:11:54Z,CSO,Erie Basin,23,SC,RH,2026-08-01T11:00:00,0.0,0.0
2026-08-01T16:11:54Z,CSO,Flushing Bay,10,I,BB,2026-08-01T11:00:00,0.0,0.0
2026-08-01T16:11:54Z,CSO,Flushing Creek,24,I,TI,2026-08-01T11:00:00,0.0,0.0
2026-08-01T16:11:54Z,CSO,Fresh Creek,15,I,26W,2026-08-01T11:00:00,0.0,0.0
2026-08-01T16:11:54Z,CSO,"Fresh Kills, Lower",40,SD,PR,2026-08-01T11:00:00,0.0,0.0
2026-08-01T16:11:54Z,CSO,"Fresh Kills, Upper",27,SD,PR,2026-08-01T11:00:00,0.0,0.0
2026-08-01T16:11:54Z,CSO,Gerritsen Creek,18,SB,RK,2026-08-01T11:00:00,0.0,0.0
2026-08-01T16:11:54Z,CSO,"Gowanus Canal, Inner",41,SC,RH,2026-08-01T11:00:00,0.0,0.0
2026-08-01T16:11:54Z,CSO,"Gowanus Canal, Outer",30,SB,RH,2026-08-01T11:00:00,0.0,0.0
2026-08-01T16:11:54Z,CSO,Gravesend Bay,1,SB,OH,2026-08-01T11:00:00,0.0,0.0
2026-08-01T16:11:54Z,CSO,Harlem River,7,SB(WW),WI,2026-08-01T11:00:00,0.0,0.0
2026-08-01T16:11:54Z,CSO,Hendrix Creek,14,I,26W,2026-08-01T11:00:00,0.0,0.0
2026-08-01T16:11:54Z,CSO,Hudson River (Bronx),22,SB,WI,2026-08-01T11:00:00,0.0,0.0
2026-08-01T16:11:54Z,CSO,Hudson River (Manhattan),21,SB,NR,2026-08-01T11:00:00,0.0,0.0
2026-08-01T16:11:54Z,CSO,"Hutchinson River, Lower",35,SB,HP,2026-08-01T11:00:00,0.0,0.0
2026-08-01T16:11:54Z,CSO,Jamaica Bay (Brooklyn),33,SB,26W,2026-08-01T11:00:00,0.0,0.0
2026-08-01T16:11:54Z,CSO,Jamaica Bay (Queens),32,SB,JA,2026-08-01T11:00:00,0.0,0.0
2026-08-01T16:11:54Z,CSO,Kill Van Kull,4,SC,PR,2026-08-01T11:00:00,0.0,0.0
2026-08-01T16:11:54Z,CSO,Little Neck Bay,11,SB,TI,2026-08-01T11:00:00,0.0,0.0
2026-08-01T16:11:54Z,CSO,Lower New York Bay,26,SB,OB,2026-08-01T11:00:00,0.0,0.0
2026-08-01T16:11:54Z,CSO,Mill Basin,17,SB,CI,2026-08-01T11:00:00,0.0,0.0
2026-08-01T16:11:54Z,CSO,Newark Bay,3,SC,PR,2026-08-01T11:00:00,0.0,0.0
2026-08-01T16:11:54Z,CSO,"Newtown Creek, Lower",45,SD,NC,2026-08-01T11:00:00,0.0,0.0
2026-08-01T16:11:54Z,CSO,"Newtown Creek, Upper",5,SD,NC,2026-08-01T11:00:00,0.0,0.0
2026-08-01T16:11:54Z,CSO,Paerdegat Basin,16,I,CI,2026-08-01T11:00:00,0.0,0.0
2026-08-01T16:11:54Z,CSO,Powell Cove,39,I,TI,2026-08-01T11:00:00,0.0,0.0
2026-08-01T16:11:54Z,CSO,Sheepshead Bay,20,SB,CI,2026-08-01T11:00:00,0.0,0.0
2026-08-01T16:11:54Z,CSO,Shellbank Basin,43,SB,JA,2026-08-01T11:00:00,0.0,0.0
2026-08-01T16:11:54Z,CSO,Spring Creek,25,I,26W,2026-08-01T11:00:00,0.0,0.0
2026-08-01T16:11:54Z,CSO,Thurston Basin,44,I,JA,2026-08-01T11:00:00,0.0,0.0
2026-08-01T16:11:54Z,CSO,Upper New York Bay,19,SB,OH,2026-08-01T11:00:00,0.0,0.0
2026-08-01T16:11:54Z,CSO,Westchester Creek,9,I,HP,2026-08-01T11:00:00,0.0,0.0
2026-08-01T16:11:54Z,CSO,Western Long Island Sound,34,SB,HP,2026-08-01T11:00:00,0.0,0.0
2026-08-01T20:15:27Z,WQ,Alley Creek,12,I,TI,2026-08-01T15:00:00,0.0,0.0
2026-08-01T20:15:27Z,WQ,"Arthur Kill, Lower",28,I,OB,2026-08-01T15:00:00,0.0,0.0
2026-08-01T20:15:27Z,WQ,"Arthur Kill, Upper",29,SD,OB,2026-08-01T15:00:00,0.0,0.0
2026-08-01T20:15:27Z,WQ,Bergen Basin,42,I,JA,2026-08-01T15:00:00,0.0,0.0
2026-08-01T20:15:27Z,WQ,Bowery Bay,37,I,BB,2026-08-01T15:00:00,0.0,0.0
2026-08-01T20:15:27Z,WQ,"Bronx River, Lower",8,I,HP,2026-08-01T15:00:00,0.0,0.0
2026-08-01T20:15:27Z,WQ,Coney Island Creek,2,I,CI,2026-08-01T15:00:00,0.0,0.0
2026-08-01T20:15:27Z,WQ,East River (near Steinway Creek),38,SD,BB,2026-08-01T15:00:00,0.0,0.0
2026-08-01T20:15:27Z,WQ,East River (near Throgs Neck),31,SB,TI,2026-08-01T15:00:00,0.0,0.0
2026-08-01T20:15:27Z,WQ,East River (RFK to Whitestone),36,I,TI,2026-08-01T15:00:00,0.0,0.0
2026-08-01T20:15:27Z,WQ,"East River, Lower",6,I,NC,2026-08-01T15:00:00,0.0,0.0
2026-08-01T20:15:27Z,WQ,Eastchester Bay,13,SB,HP,2026-08-01T15:00:00,0.0,0.0
2026-08-01T20:15:27Z,WQ,Erie Basin,23,SC,RH,2026-08-01T15:00:00,0.0,0.0
2026-08-01T20:15:27Z,WQ,Flushing Bay,10,I,BB,2026-08-01T15:00:00,0.0,0.0
2026-08-01T20:15:27Z,WQ,Flushing Creek,24,I,TI,2026-08-01T15:00:00,0.0,0.0
2026-08-01T20:15:27Z,WQ,Fresh Creek,15,I,26W,2026-08-01T15:00:00,0.0,0.0
2026-08-01T20:15:27Z,WQ,"Fresh Kills, Lower",40,SD,PR,2026-08-01T15:00:00,0.0,0.0
2026-08-01T20:15:27Z,WQ,"Fresh Kills, Upper",27,SD,PR,2026-08-01T15:00:00,16.0,0.0
2026-08-01T20:15:27Z,WQ,Gerritsen Creek,18,SB,RK,2026-08-01T15:00:00,0.0,0.0
2026-08-01T20:15:27Z,WQ,"Gowanus Canal, Inner",41,SC,RH,2026-08-01T15:00:00,0.0,0.0
2026-08-01T20:15:27Z,WQ,"Gowanus Canal, Outer",30,SB,RH,2026-08-01T15:00:00,0.0,0.0
2026-08-01T20:15:27Z,WQ,Gravesend Bay,1,SB,OH,2026-08-01T15:00:00,0.0,0.0
2026-08-01T20:15:27Z,WQ,Harlem River,7,SB(WW),WI,2026-08-01T15:00:00,0.0,0.0
2026-08-01T20:15:27Z,WQ,Hendrix Creek,14,I,26W,2026-08-01T15:00:00,0.0,0.0
2026-08-01T20:15:27Z,WQ,Hudson River (Bronx),22,SB,WI,2026-08-01T15:00:00,0.0,0.0
2026-08-01T20:15:27Z,WQ,Hudson River (Manhattan),21,SB,NR,2026-08-01T15:00:00,0.0,0.0
2026-08-01T20:15:27Z,WQ,"Hutchinson River, Lower",35,SB,HP,2026-08-01T15:00:00,0.0,0.0
2026-08-01T20:15:27Z,WQ,Jamaica Bay (Brooklyn),33,SB,26W,2026-08-01T15:00:00,0.0,0.0
2026-08-01T20:15:27Z,WQ,Jamaica Bay (Queens),32,SB,JA,2026-08-01T15:00:00,0.0,0.0
2026-08-01T20:15:27Z,WQ,Kill Van Kull,4,SC,PR,2026-08-01T15:00:00,0.0,0.0
2026-08-01T20:15:27Z,WQ,Little Neck Bay,11,SB,TI,2026-08-01T15:00:00,0.0,0.0
2026-08-01T20:15:27Z,WQ,Lower New York Bay,26,SB,OB,2026-08-01T15:00:00,0.0,0.0
2026-08-01T20:15:27Z,WQ,Mill Basin,17,SB,CI,2026-08-01T15:00:00,0.0,0.0
2026-08-01T20:15:27Z,WQ,Newark Bay,3,SC,PR,2026-08-01T15:00:00,0.0,0.0
2026-08-01T20:15:27Z,WQ,"Newtown Creek, Lower",45,SD,NC,2026-08-01T15:00:00,0.0,0.0
2026-08-01T20:15:27Z,WQ,"Newtown Creek, Upper",5,SD,NC,2026-08-01T15:00:00,0.0,0.0
2026-08-01T20:15:27Z,WQ,Paerdegat Basin,16,I,CI,2026-08-01T15:00:00,0.0,0.0
2026-08-01T20:15:27Z,WQ,Powell Cove,39,I,TI,2026-08-01T15:00:00,0.0,0.0
2026-08-01T20:15:27Z,WQ,Sheepshead Bay,20,SB,CI,2026-08-01T15:00:00,0.0,0.0
2026-08-01T20:15:27Z,WQ,Shellbank Basin,43,SB,JA,2026-08-01T15:00:00,0.0,0.0
2026-08-01T20:15:27Z,WQ,Spring Creek,25,I,26W,2026-08-01T15:00:00,0.0,0.0
2026-08-01T20:15:27Z,WQ,Thurston Basin,44,I,JA,2026-08-01T15:00:00,0.0,0.0
2026-08-01T20:15:27Z,WQ,Upper New York Bay,19,SB,OH,2026-08-01T15:00:00,0.0,0.0
2026-08-01T20:15:27Z,WQ,Westchester Creek,9,I,HP,2026-08-01T15:00:00,0.0,0.0
2026-08-01T20:15:27Z,WQ,Western Long Island Sound,34,SB,HP,2026-08-01T15:00:00,0.0,0.0
2026-08-01T20:15:27Z,CSO,Alley Creek,12,I,TI,2026-08-01T15:00:00,0.0,0.0
2026-08-01T20:15:27Z,CSO,"Arthur Kill, Lower",28,I,OB,2026-08-01T15:00:00,0.0,0.0
2026-08-01T20:15:27Z,CSO,"Arthur Kill, Upper",29,SD,OB,2026-08-01T15:00:00,0.0,0.0
2026-08-01T20:15:27Z,CSO,Bergen Basin,42,I,JA,2026-08-01T15:00:00,0.0,0.0
2026-08-01T20:15:27Z,CSO,Bowery Bay,37,I,BB,2026-08-01T15:00:00,0.0,0.0
2026-08-01T20:15:27Z,CSO,"Bronx River, Lower",8,I,HP,2026-08-01T15:00:00,0.0,0.0
2026-08-01T20:15:27Z,CSO,Coney Island Creek,2,I,CI,2026-08-01T15:00:00,0.0,0.0
2026-08-01T20:15:27Z,CSO,East River (near Steinway Creek),38,SD,BB,2026-08-01T15:00:00,0.0,0.0
2026-08-01T20:15:27Z,CSO,East River (near Throgs Neck),31,SB,TI,2026-08-01T15:00:00,0.0,0.0
2026-08-01T20:15:27Z,CSO,East River (RFK to Whitestone),36,I,TI,2026-08-01T15:00:00,0.0,0.0
2026-08-01T20:15:27Z,CSO,"East River, Lower",6,I,NC,2026-08-01T15:00:00,0.0,0.0
2026-08-01T20:15:27Z,CSO,Eastchester Bay,13,SB,HP,2026-08-01T15:00:00,0.0,0.0
2026-08-01T20:15:27Z,CSO,Erie Basin,23,SC,RH,2026-08-01T15:00:00,0.0,0.0
2026-08-01T20:15:27Z,CSO,Flushing Bay,10,I,BB,2026-08-01T15:00:00,0.0,0.0
2026-08-01T20:15:27Z,CSO,Flushing Creek,24,I,TI,2026-08-01T15:00:00,0.0,0.0
2026-08-01T20:15:27Z,CSO,Fresh Creek,15,I,26W,2026-08-01T15:00:00,0.0,0.0
2026-08-01T20:15:27Z,CSO,"Fresh Kills, Lower",40,SD,PR,2026-08-01T15:00:00,0.0,0.0
2026-08-01T20:15:27Z,CSO,"Fresh Kills, Upper",27,SD,PR,2026-08-01T15:00:00,0.0,0.0
2026-08-01T20:15:27Z,CSO,Gerritsen Creek,18,SB,RK,2026-08-01T15:00:00,0.0,0.0
2026-08-01T20:15:27Z,CSO,"Gowanus Canal, Inner",41,SC,RH,2026-08-01T15:00:00,0.0,0.0
2026-08-01T20:15:27Z,CSO,"Gowanus Canal, Outer",30,SB,RH,2026-08-01T15:00:00,0.0,0.0
2026-08-01T20:15:27Z,CSO,Gravesend Bay,1,SB,OH,2026-08-01T15:00:00,0.0,0.0
2026-08-01T20:15:27Z,CSO,Harlem River,7,SB(WW),WI,2026-08-01T15:00:00,0.0,0.0
2026-08-01T20:15:27Z,CSO,Hendrix Creek,14,I,26W,2026-08-01T15:00:00,0.0,0.0
2026-08-01T20:15:27Z,CSO,Hudson River (Bronx),22,SB,WI,2026-08-01T15:00:00,0.0,0.0
2026-08-01T20:15:27Z,CSO,Hudson River (Manhattan),21,SB,NR,2026-08-01T15:00:00,0.0,0.0
2026-08-01T20:15:27Z,CSO,"Hutchinson River, Lower",35,SB,HP,2026-08-01T15:00:00,0.0,0.0
2026-08-01T20:15:27Z,CSO,Jamaica Bay (Brooklyn),33,SB,26W,2026-08-01T15:00:00,0.0,0.0
2026-08-01T20:15:27Z,CSO,Jamaica Bay (Queens),32,SB,JA,2026-08-01T15:00:00,0.0,0.0
2026-08-01T20:15:27Z,CSO,Kill Van Kull,4,SC,PR,2026-08-01T15:00:00,0.0,0.0
2026-08-01T20:15:27Z,CSO,Little Neck Bay,11,SB,TI,2026-08-01T15:00:00,0.0,0.0
2026-08-01T20:15:27Z,CSO,Lower New York Bay,26,SB,OB,2026-08-01T15:00:00,0.0,0.0
2026-08-01T20:15:27Z,CSO,Mill Basin,17,SB,CI,2026-08-01T15:00:00,0.0,0.0
2026-08-01T20:15:27Z,CSO,Newark Bay,3,SC,PR,2026-08-01T15:00:00,0.0,0.0
2026-08-01T20:15:27Z,CSO,"Newtown Creek, Lower",45,SD,NC,2026-08-01T15:00:00,0.0,0.0
2026-08-01T20:15:27Z,CSO,"Newtown Creek, Upper",5,SD,NC,2026-08-01T15:00:00,0.0,0.0
2026-08-01T20:15:27Z,CSO,Paerdegat Basin,16,I,CI,2026-08-01T15:00:00,0.0,0.0
2026-08-01T20:15:27Z,CSO,Powell Cove,39,I,TI,2026-08-01T15:00:00,0.0,0.0
2026-08-01T20:15:27Z,CSO,Sheepshead Bay,20,SB,CI,2026-08-01T15:00:00,0.0,0.0
2026-08-01T20:15:27Z,CSO,Shellbank Basin,43,SB,JA,2026-08-01T15:00:00,0.0,0.0
2026-08-01T20:15:27Z,CSO,Spring Creek,25,I,26W,2026-08-01T15:00:00,0.0,0.0
2026-08-01T20:15:27Z,CSO,Thurston Basin,44,I,JA,2026-08-01T15:00:00,0.0,0.0
2026-08-01T20:15:27Z,CSO,Upper New York Bay,19,SB,OH,2026-08-01T15:00:00,0.0,0.0
2026-08-01T20:15:27Z,CSO,Westchester Creek,9,I,HP,2026-08-01T15:00:00,0.0,0.0
2026-08-01T20:15:27Z,CSO,Western Long Island Sound,34,SB,HP,2026-08-01T15:00:00,0.0,0.0
2026-08-01T23:47:42Z,WQ,Alley Creek,12,I,TI,2026-08-01T18:00:00,0.0,0.0
2026-08-01T23:47:42Z,WQ,"Arthur Kill, Lower",28,I,OB,2026-08-01T18:00:00,0.0,0.0
2026-08-01T23:47:42Z,WQ,"Arthur Kill, Upper",29,SD,OB,2026-08-01T18:00:00,0.0,0.0
2026-08-01T23:47:42Z,WQ,Bergen Basin,42,I,JA,2026-08-01T18:00:00,0.0,0.0
2026-08-01T23:47:42Z,WQ,Bowery Bay,37,I,BB,2026-08-01T18:00:00,0.0,0.0
2026-08-01T23:47:42Z,WQ,"Bronx River, Lower",8,I,HP,2026-08-01T18:00:00,0.0,0.0
2026-08-01T23:47:42Z,WQ,Coney Island Creek,2,I,CI,2026-08-01T18:00:00,0.0,0.0
2026-08-01T23:47:42Z,WQ,East River (near Steinway Creek),38,SD,BB,2026-08-01T18:00:00,0.0,0.0
2026-08-01T23:47:42Z,WQ,East River (near Throgs Neck),31,SB,TI,2026-08-01T18:00:00,0.0,0.0
2026-08-01T23:47:42Z,WQ,East River (RFK to Whitestone),36,I,TI,2026-08-01T18:00:00,0.0,0.0
2026-08-01T23:47:42Z,WQ,"East River, Lower",6,I,NC,2026-08-01T18:00:00,0.0,0.0
2026-08-01T23:47:42Z,WQ,Eastchester Bay,13,SB,HP,2026-08-01T18:00:00,0.0,0.0
2026-08-01T23:47:42Z,WQ,Erie Basin,23,SC,RH,2026-08-01T18:00:00,0.0,0.0
2026-08-01T23:47:42Z,WQ,Flushing Bay,10,I,BB,2026-08-01T18:00:00,0.0,0.0
2026-08-01T23:47:42Z,WQ,Flushing Creek,24,I,TI,2026-08-01T18:00:00,0.0,0.0
2026-08-01T23:47:42Z,WQ,Fresh Creek,15,I,26W,2026-08-01T18:00:00,0.0,0.0
2026-08-01T23:47:42Z,WQ,"Fresh Kills, Lower",40,SD,PR,2026-08-01T18:00:00,0.0,0.0
2026-08-01T23:47:42Z,WQ,"Fresh Kills, Upper",27,SD,PR,2026-08-01T18:00:00,13.0,0.0
2026-08-01T23:47:42Z,WQ,Gerritsen Creek,18,SB,RK,2026-08-01T18:00:00,0.0,0.0
2026-08-01T23:47:42Z,WQ,"Gowanus Canal, Inner",41,SC,RH,2026-08-01T18:00:00,0.0,0.0
2026-08-01T23:47:42Z,WQ,"Gowanus Canal, Outer",30,SB,RH,2026-08-01T18:00:00,0.0,0.0
2026-08-01T23:47:42Z,WQ,Gravesend Bay,1,SB,OH,2026-08-01T18:00:00,0.0,0.0
2026-08-01T23:47:42Z,WQ,Harlem River,7,SB(WW),WI,2026-08-01T18:00:00,0.0,0.0
2026-08-01T23:47:42Z,WQ,Hendrix Creek,14,I,26W,2026-08-01T18:00:00,0.0,0.0
2026-08-01T23:47:42Z,WQ,Hudson River (Bronx),22,SB,WI,2026-08-01T18:00:00,0.0,0.0
2026-08-01T23:47:42Z,WQ,Hudson River (Manhattan),21,SB,NR,2026-08-01T18:00:00,0.0,0.0
2026-08-01T23:47:42Z,WQ,"Hutchinson River, Lower",35,SB,HP,2026-08-01T18:00:00,0.0,0.0
2026-08-01T23:47:42Z,WQ,Jamaica Bay (Brooklyn),33,SB,26W,2026-08-01T18:00:00,0.0,0.0
2026-08-01T23:47:42Z,WQ,Jamaica Bay (Queens),32,SB,JA,2026-08-01T18:00:00,0.0,0.0
2026-08-01T23:47:42Z,WQ,Kill Van Kull,4,SC,PR,2026-08-01T18:00:00,0.0,0.0
2026-08-01T23:47:42Z,WQ,Little Neck Bay,11,SB,TI,2026-08-01T18:00:00,0.0,0.0
2026-08-01T23:47:42Z,WQ,Lower New York Bay,26,SB,OB,2026-08-01T18:00:00,0.0,0.0
2026-08-01T23:47:42Z,WQ,Mill Basin,17,SB,CI,2026-08-01T18:00:00,0.0,0.0
2026-08-01T23:47:42Z,WQ,Newark Bay,3,SC,PR,2026-08-01T18:00:00,0.0,0.0
2026-08-01T23:47:42Z,WQ,"Newtown Creek, Lower",45,SD,NC,2026-08-01T18:00:00,0.0,0.0
2026-08-01T23:47:42Z,WQ,"Newtown Creek, Upper",5,SD,NC,2026-08-01T18:00:00,0.0,0.0
2026-08-01T23:47:42Z,WQ,Paerdegat Basin,16,I,CI,2026-08-01T18:00:00,0.0,0.0
2026-08-01T23:47:42Z,WQ,Powell Cove,39,I,TI,2026-08-01T18:00:00,0.0,0.0
2026-08-01T23:47:42Z,WQ,Sheepshead Bay,20,SB,CI,2026-08-01T18:00:00,0.0,0.0
2026-08-01T23:47:42Z,WQ,Shellbank Basin,43,SB,JA,2026-08-01T18:00:00,0.0,0.0
2026-08-01T23:47:42Z,WQ,Spring Creek,25,I,26W,2026-08-01T18:00:00,0.0,0.0
2026-08-01T23:47:42Z,WQ,Thurston Basin,44,I,JA,2026-08-01T18:00:00,0.0,0.0
2026-08-01T23:47:42Z,WQ,Upper New York Bay,19,SB,OH,2026-08-01T18:00:00,0.0,0.0
2026-08-01T23:47:42Z,WQ,Westchester Creek,9,I,HP,2026-08-01T18:00:00,0.0,0.0
2026-08-01T23:47:42Z,WQ,Western Long Island Sound,34,SB,HP,2026-08-01T18:00:00,0.0,0.0
2026-08-01T23:47:42Z,CSO,Alley Creek,12,I,TI,2026-08-01T18:00:00,0.0,0.0
2026-08-01T23:47:42Z,CSO,"Arthur Kill, Lower",28,I,OB,2026-08-01T18:00:00,0.0,0.0
2026-08-01T23:47:42Z,CSO,"Arthur Kill, Upper",29,SD,OB,2026-08-01T18:00:00,0.0,0.0
2026-08-01T23:47:42Z,CSO,Bergen Basin,42,I,JA,2026-08-01T18:00:00,0.0,0.0
2026-08-01T23:47:42Z,CSO,Bowery Bay,37,I,BB,2026-08-01T18:00:00,0.0,0.0
2026-08-01T23:47:42Z,CSO,"Bronx River, Lower",8,I,HP,2026-08-01T18:00:00,0.0,0.0
2026-08-01T23:47:42Z,CSO,Coney Island Creek,2,I,CI,2026-08-01T18:00:00,0.0,0.0
2026-08-01T23:47:42Z,CSO,East River (near Steinway Creek),38,SD,BB,2026-08-01T18:00:00,0.0,0.0
2026-08-01T23:47:42Z,CSO,East River (near Throgs Neck),31,SB,TI,2026-08-01T18:00:00,0.0,0.0
2026-08-01T23:47:42Z,CSO,East River (RFK to Whitestone),36,I,TI,2026-08-01T18:00:00,0.0,0.0
2026-08-01T23:47:42Z,CSO,"East River, Lower",6,I,NC,2026-08-01T18:00:00,0.0,0.0
2026-08-01T23:47:42Z,CSO,Eastchester Bay,13,SB,HP,2026-08-01T18:00:00,0.0,0.0
2026-08-01T23:47:42Z,CSO,Erie Basin,23,SC,RH,2026-08-01T18:00:00,0.0,0.0
2026-08-01T23:47:42Z,CSO,Flushing Bay,10,I,BB,2026-08-01T18:00:00,0.0,0.0
2026-08-01T23:47:42Z,CSO,Flushing Creek,24,I,TI,2026-08-01T18:00:00,0.0,0.0
2026-08-01T23:47:42Z,CSO,Fresh Creek,15,I,26W,2026-08-01T18:00:00,0.0,0.0
2026-08-01T23:47:42Z,CSO,"Fresh Kills, Lower",40,SD,PR,2026-08-01T18:00:00,0.0,0.0
2026-08-01T23:47:42Z,CSO,"Fresh Kills, Upper",27,SD,PR,2026-08-01T18:00:00,0.0,0.0
2026-08-01T23:47:42Z,CSO,Gerritsen Creek,18,SB,RK,2026-08-01T18:00:00,0.0,0.0
2026-08-01T23:47:42Z,CSO,"Gowanus Canal, Inner",41,SC,RH,2026-08-01T18:00:00,0.0,0.0
2026-08-01T23:47:42Z,CSO,"Gowanus Canal, Outer",30,SB,RH,2026-08-01T18:00:00,0.0,0.0
2026-08-01T23:47:42Z,CSO,Gravesend Bay,1,SB,OH,2026-08-01T18:00:00,0.0,0.0
2026-08-01T23:47:42Z,CSO,Harlem River,7,SB(WW),WI,2026-08-01T18:00:00,0.0,0.0
2026-08-01T23:47:42Z,CSO,Hendrix Creek,14,I,26W,2026-08-01T18:00:00,0.0,0.0
2026-08-01T23:47:42Z,CSO,Hudson River (Bronx),22,SB,WI,2026-08-01T18:00:00,0.0,0.0
2026-08-01T23:47:42Z,CSO,Hudson River (Manhattan),21,SB,NR,2026-08-01T18:00:00,0.0,0.0
2026-08-01T23:47:42Z,CSO,"Hutchinson River, Lower",35,SB,HP,2026-08-01T18:00:00,0.0,0.0
2026-08-01T23:47:42Z,CSO,Jamaica Bay (Brooklyn),33,SB,26W,2026-08-01T18:00:00,0.0,0.0
2026-08-01T23:47:42Z,CSO,Jamaica Bay (Queens),32,SB,JA,2026-08-01T18:00:00,0.0,0.0
2026-08-01T23:47:42Z,CSO,Kill Van Kull,4,SC,PR,2026-08-01T18:00:00,0.0,0.0
2026-08-01T23:47:42Z,CSO,Little Neck Bay,11,SB,TI,2026-08-01T18:00:00,0.0,0.0
2026-08-01T23:47:42Z,CSO,Lower New York Bay,26,SB,OB,2026-08-01T18:00:00,0.0,0.0
2026-08-01T23:47:42Z,CSO,Mill Basin,17,SB,CI,2026-08-01T18:00:00,0.0,0.0
2026-08-01T23:47:42Z,CSO,Newark Bay,3,SC,PR,2026-08-01T18:00:00,0.0,0.0
2026-08-01T23:47:42Z,CSO,"Newtown Creek, Lower",45,SD,NC,2026-08-01T18:00:00,0.0,0.0
2026-08-01T23:47:42Z,CSO,"Newtown Creek, Upper",5,SD,NC,2026-08-01T18:00:00,0.0,0.0
2026-08-01T23:47:42Z,CSO,Paerdegat Basin,16,I,CI,2026-08-01T18:00:00,0.0,0.0
2026-08-01T23:47:42Z,CSO,Powell Cove,39,I,TI,2026-08-01T18:00:00,0.0,0.0
2026-08-01T23:47:42Z,CSO,Sheepshead Bay,20,SB,CI,2026-08-01T18:00:00,0.0,0.0
2026-08-01T23:47:42Z,CSO,Shellbank Basin,43,SB,JA,2026-08-01T18:00:00,0.0,0.0
2026-08-01T23:47:42Z,CSO,Spring Creek,25,I,26W,2026-08-01T18:00:00,0.0,0.0
2026-08-01T23:47:42Z,CSO,Thurston Basin,44,I,JA,2026-08-01T18:00:00,0.0,0.0
2026-08-01T23:47:42Z,CSO,Upper New York Bay,19,SB,OH,2026-08-01T18:00:00,0.0,0.0
2026-08-01T23:47:42Z,CSO,Westchester Creek,9,I,HP,2026-08-01T18:00:00,0.0,0.0
2026-08-01T23:47:42Z,CSO,Western Long Island Sound,34,SB,HP,2026-08-01T18:00:00,0.0,0.0
2026-08-02T07:56:13Z,WQ,Alley Creek,12,I,TI,2026-08-02T02:00:00,0.0,0.0
2026-08-02T07:56:13Z,WQ,"Arthur Kill, Lower",28,I,OB,2026-08-02T02:00:00,0.0,0.0
2026-08-02T07:56:13Z,WQ,"Arthur Kill, Upper",29,SD,OB,2026-08-02T02:00:00,0.0,0.0
2026-08-02T07:56:13Z,WQ,Bergen Basin,42,I,JA,2026-08-02T02:00:00,0.0,0.0
2026-08-02T07:56:13Z,WQ,Bowery Bay,37,I,BB,2026-08-02T02:00:00,0.0,0.0
2026-08-02T07:56:13Z,WQ,"Bronx River, Lower",8,I,HP,2026-08-02T02:00:00,0.0,0.0
2026-08-02T07:56:13Z,WQ,Coney Island Creek,2,I,CI,2026-08-02T02:00:00,0.0,0.0
2026-08-02T07:56:13Z,WQ,East River (near Steinway Creek),38,SD,BB,2026-08-02T02:00:00,0.0,0.0
2026-08-02T07:56:13Z,WQ,East River (near Throgs Neck),31,SB,TI,2026-08-02T02:00:00,0.0,0.0
2026-08-02T07:56:13Z,WQ,East River (RFK to Whitestone),36,I,TI,2026-08-02T02:00:00,0.0,0.0
2026-08-02T07:56:13Z,WQ,"East River, Lower",6,I,NC,2026-08-02T02:00:00,0.0,0.0
2026-08-02T07:56:13Z,WQ,Eastchester Bay,13,SB,HP,2026-08-02T02:00:00,0.0,0.0
2026-08-02T07:56:13Z,WQ,Erie Basin,23,SC,RH,2026-08-02T02:00:00,0.0,0.0
2026-08-02T07:56:13Z,WQ,Flushing Bay,10,I,BB,2026-08-02T02:00:00,0.0,0.0
2026-08-02T07:56:13Z,WQ,Flushing Creek,24,I,TI,2026-08-02T02:00:00,0.0,0.0
2026-08-02T07:56:13Z,WQ,Fresh Creek,15,I,26W,2026-08-02T02:00:00,0.0,0.0
2026-08-02T07:56:13Z,WQ,"Fresh Kills, Lower",40,SD,PR,2026-08-02T02:00:00,0.0,0.0
2026-08-02T07:56:13Z,WQ,"Fresh Kills, Upper",27,SD,PR,2026-08-02T02:00:00,5.0,0.0
2026-08-02T07:56:13Z,WQ,Gerritsen Creek,18,SB,RK,2026-08-02T02:00:00,0.0,0.0
2026-08-02T07:56:13Z,WQ,"Gowanus Canal, Inner",41,SC,RH,2026-08-02T02:00:00,0.0,0.0
2026-08-02T07:56:13Z,WQ,"Gowanus Canal, Outer",30,SB,RH,2026-08-02T02:00:00,0.0,0.0
2026-08-02T07:56:13Z,WQ,Gravesend Bay,1,SB,OH,2026-08-02T02:00:00,0.0,0.0
2026-08-02T07:56:13Z,WQ,Harlem River,7,SB(WW),WI,2026-08-02T02:00:00,0.0,0.0
2026-08-02T07:56:13Z,WQ,Hendrix Creek,14,I,26W,2026-08-02T02:00:00,0.0,0.0
2026-08-02T07:56:13Z,WQ,Hudson River (Bronx),22,SB,WI,2026-08-02T02:00:00,0.0,0.0
2026-08-02T07:56:13Z,WQ,Hudson River (Manhattan),21,SB,NR,2026-08-02T02:00:00,0.0,0.0
2026-08-02T07:56:13Z,WQ,"Hutchinson River, Lower",35,SB,HP,2026-08-02T02:00:00,0.0,0.0
2026-08-02T07:56:13Z,WQ,Jamaica Bay (Brooklyn),33,SB,26W,2026-08-02T02:00:00,0.0,0.0
2026-08-02T07:56:13Z,WQ,Jamaica Bay (Queens),32,SB,JA,2026-08-02T02:00:00,0.0,0.0
2026-08-02T07:56:13Z,WQ,Kill Van Kull,4,SC,PR,2026-08-02T02:00:00,0.0,0.0
2026-08-02T07:56:13Z,WQ,Little Neck Bay,11,SB,TI,2026-08-02T02:00:00,0.0,0.0
2026-08-02T07:56:13Z,WQ,Lower New York Bay,26,SB,OB,2026-08-02T02:00:00,0.0,0.0
2026-08-02T07:56:13Z,WQ,Mill Basin,17,SB,CI,2026-08-02T02:00:00,0.0,0.0
2026-08-02T07:56:13Z,WQ,Newark Bay,3,SC,PR,2026-08-02T02:00:00,0.0,0.0
2026-08-02T07:56:13Z,WQ,"Newtown Creek, Lower",45,SD,NC,2026-08-02T02:00:00,0.0,0.0
2026-08-02T07:56:13Z,WQ,"Newtown Creek, Upper",5,SD,NC,2026-08-02T02:00:00,0.0,0.0
2026-08-02T07:56:13Z,WQ,Paerdegat Basin,16,I,CI,2026-08-02T02:00:00,0.0,0.0
2026-08-02T07:56:13Z,WQ,Powell Cove,39,I,TI,2026-08-02T02:00:00,0.0,0.0
2026-08-02T07:56:13Z,WQ,Sheepshead Bay,20,SB,CI,2026-08-02T02:00:00,0.0,0.0
2026-08-02T07:56:13Z,WQ,Shellbank Basin,43,SB,JA,2026-08-02T02:00:00,0.0,0.0
2026-08-02T07:56:13Z,WQ,Spring Creek,25,I,26W,2026-08-02T02:00:00,0.0,0.0
2026-08-02T07:56:13Z,WQ,Thurston Basin,44,I,JA,2026-08-02T02:00:00,0.0,0.0
2026-08-02T07:56:13Z,WQ,Upper New York Bay,19,SB,OH,2026-08-02T02:00:00,0.0,0.0
2026-08-02T07:56:13Z,WQ,Westchester Creek,9,I,HP,2026-08-02T02:00:00,0.0,0.0
2026-08-02T07:56:13Z,WQ,Western Long Island Sound,34,SB,HP,2026-08-02T02:00:00,0.0,0.0
2026-08-02T07:56:13Z,CSO,Alley Creek,12,I,TI,2026-08-02T02:00:00,0.0,0.0
2026-08-02T07:56:13Z,CSO,"Arthur Kill, Lower",28,I,OB,2026-08-02T02:00:00,0.0,0.0
2026-08-02T07:56:13Z,CSO,"Arthur Kill, Upper",29,SD,OB,2026-08-02T02:00:00,0.0,0.0
2026-08-02T07:56:13Z,CSO,Bergen Basin,42,I,JA,2026-08-02T02:00:00,0.0,0.0
2026-08-02T07:56:13Z,CSO,Bowery Bay,37,I,BB,2026-08-02T02:00:00,0.0,0.0
2026-08-02T07:56:13Z,CSO,"Bronx River, Lower",8,I,HP,2026-08-02T02:00:00,0.0,0.0
2026-08-02T07:56:13Z,CSO,Coney Island Creek,2,I,CI,2026-08-02T02:00:00,0.0,0.0
2026-08-02T07:56:13Z,CSO,East River (near Steinway Creek),38,SD,BB,2026-08-02T02:00:00,0.0,0.0
2026-08-02T07:56:13Z,CSO,East River (near Throgs Neck),31,SB,TI,2026-08-02T02:00:00,0.0,0.0
2026-08-02T07:56:13Z,CSO,East River (RFK to Whitestone),36,I,TI,2026-08-02T02:00:00,0.0,0.0
2026-08-02T07:56:13Z,CSO,"East River, Lower",6,I,NC,2026-08-02T02:00:00,0.0,0.0
2026-08-02T07:56:13Z,CSO,Eastchester Bay,13,SB,HP,2026-08-02T02:00:00,0.0,0.0
2026-08-02T07:56:13Z,CSO,Erie Basin,23,SC,RH,2026-08-02T02:00:00,0.0,0.0
2026-08-02T07:56:13Z,CSO,Flushing Bay,10,I,BB,2026-08-02T02:00:00,0.0,0.0
2026-08-02T07:56:13Z,CSO,Flushing Creek,24,I,TI,2026-08-02T02:00:00,0.0,0.0
2026-08-02T07:56:13Z,CSO,Fresh Creek,15,I,26W,2026-08-02T02:00:00,0.0,0.0
2026-08-02T07:56:13Z,CSO,"Fresh Kills, Lower",40,SD,PR,2026-08-02T02:00:00,0.0,0.0
2026-08-02T07:56:13Z,CSO,"Fresh Kills, Upper",27,SD,PR,2026-08-02T02:00:00,0.0,0.0
2026-08-02T07:56:13Z,CSO,Gerritsen Creek,18,SB,RK,2026-08-02T02:00:00,0.0,0.0
2026-08-02T07:56:13Z,CSO,"Gowanus Canal, Inner",41,SC,RH,2026-08-02T02:00:00,0.0,0.0
2026-08-02T07:56:13Z,CSO,"Gowanus Canal, Outer",30,SB,RH,2026-08-02T02:00:00,0.0,0.0
2026-08-02T07:56:13Z,CSO,Gravesend Bay,1,SB,OH,2026-08-02T02:00:00,0.0,0.0
2026-08-02T07:56:13Z,CSO,Harlem River,7,SB(WW),WI,2026-08-02T02:00:00,0.0,0.0
2026-08-02T07:56:13Z,CSO,Hendrix Creek,14,I,26W,2026-08-02T02:00:00,0.0,0.0
2026-08-02T07:56:13Z,CSO,Hudson River (Bronx),22,SB,WI,2026-08-02T02:00:00,0.0,0.0
2026-08-02T07:56:13Z,CSO,Hudson River (Manhattan),21,SB,NR,2026-08-02T02:00:00,0.0,0.0
2026-08-02T07:56:13Z,CSO,"Hutchinson River, Lower",35,SB,HP,2026-08-02T02:00:00,0.0,0.0
2026-08-02T07:56:13Z,CSO,Jamaica Bay (Brooklyn),33,SB,26W,2026-08-02T02:00:00,0.0,0.0
2026-08-02T07:56:13Z,CSO,Jamaica Bay (Queens),32,SB,JA,2026-08-02T02:00:00,0.0,0.0
2026-08-02T07:56:13Z,CSO,Kill Van Kull,4,SC,PR,2026-08-02T02:00:00,0.0,0.0
2026-08-02T07:56:13Z,CSO,Little Neck Bay,11,SB,TI,2026-08-02T02:00:00,0.0,0.0
2026-08-02T07:56:13Z,CSO,Lower New York Bay,26,SB,OB,2026-08-02T02:00:00,0.0,0.0
2026-08-02T07:56:13Z,CSO,Mill Basin,17,SB,CI,2026-08-02T02:00:00,0.0,0.0
2026-08-02T07:56:13Z,CSO,Newark Bay,3,SC,PR,2026-08-02T02:00:00,0.0,0.0
2026-08-02T07:56:13Z,CSO,"Newtown Creek, Lower",45,SD,NC,2026-08-02T02:00:00,0.0,0.0
2026-08-02T07:56:13Z,CSO,"Newtown Creek, Upper",5,SD,NC,2026-08-02T02:00:00,0.0,0.0
2026-08-02T07:56:13Z,CSO,Paerdegat Basin,16,I,CI,2026-08-02T02:00:00,0.0,0.0
2026-08-02T07:56:13Z,CSO,Powell Cove,39,I,TI,2026-08-02T02:00:00,0.0,0.0
2026-08-02T07:56:13Z,CSO,Sheepshead Bay,20,SB,CI,2026-08-02T02:00:00,0.0,0.0
2026-08-02T07:56:13Z,CSO,Shellbank Basin,43,SB,JA,2026-08-02T02:00:00,0.0,0.0
2026-08-02T07:56:13Z,CSO,Spring Creek,25,I,26W,2026-08-02T02:00:00,0.0,0.0
2026-08-02T07:56:13Z,CSO,Thurston Basin,44,I,JA,2026-08-02T02:00:00,0.0,0.0
2026-08-02T07:56:13Z,CSO,Upper New York Bay,19,SB,OH,2026-08-02T02:00:00,0.0,0.0
2026-08-02T07:56:13Z,CSO,Westchester Creek,9,I,HP,2026-08-02T02:00:00,0.0,0.0
2026-08-02T07:56:13Z,CSO,Western Long Island Sound,34,SB,HP,2026-08-02T02:00:00,0.0,0.0
2026-08-02T11:46:36Z,WQ,Alley Creek,12,I,TI,2026-08-02T06:00:00,0.0,0.0
2026-08-02T11:46:36Z,WQ,"Arthur Kill, Lower",28,I,OB,2026-08-02T06:00:00,0.0,0.0
2026-08-02T11:46:36Z,WQ,"Arthur Kill, Upper",29,SD,OB,2026-08-02T06:00:00,0.0,0.0
2026-08-02T11:46:36Z,WQ,Bergen Basin,42,I,JA,2026-08-02T06:00:00,0.0,0.0
2026-08-02T11:46:36Z,WQ,Bowery Bay,37,I,BB,2026-08-02T06:00:00,0.0,0.0
2026-08-02T11:46:36Z,WQ,"Bronx River, Lower",8,I,HP,2026-08-02T06:00:00,0.0,0.0
2026-08-02T11:46:36Z,WQ,Coney Island Creek,2,I,CI,2026-08-02T06:00:00,0.0,0.0
2026-08-02T11:46:36Z,WQ,East River (near Steinway Creek),38,SD,BB,2026-08-02T06:00:00,0.0,0.0
2026-08-02T11:46:36Z,WQ,East River (near Throgs Neck),31,SB,TI,2026-08-02T06:00:00,0.0,0.0
2026-08-02T11:46:36Z,WQ,East River (RFK to Whitestone),36,I,TI,2026-08-02T06:00:00,0.0,0.0
2026-08-02T11:46:36Z,WQ,"East River, Lower",6,I,NC,2026-08-02T06:00:00,0.0,0.0
2026-08-02T11:46:36Z,WQ,Eastchester Bay,13,SB,HP,2026-08-02T06:00:00,0.0,0.0
2026-08-02T11:46:36Z,WQ,Erie Basin,23,SC,RH,2026-08-02T06:00:00,0.0,0.0
2026-08-02T11:46:36Z,WQ,Flushing Bay,10,I,BB,2026-08-02T06:00:00,0.0,0.0
2026-08-02T11:46:36Z,WQ,Flushing Creek,24,I,TI,2026-08-02T06:00:00,0.0,0.0
2026-08-02T11:46:36Z,WQ,Fresh Creek,15,I,26W,2026-08-02T06:00:00,0.0,0.0
2026-08-02T11:46:36Z,WQ,"Fresh Kills, Lower",40,SD,PR,2026-08-02T06:00:00,0.0,0.0
2026-08-02T11:46:36Z,WQ,"Fresh Kills, Upper",27,SD,PR,2026-08-02T06:00:00,1.0,0.0
2026-08-02T11:46:36Z,WQ,Gerritsen Creek,18,SB,RK,2026-08-02T06:00:00,0.0,0.0
2026-08-02T11:46:36Z,WQ,"Gowanus Canal, Inner",41,SC,RH,2026-08-02T06:00:00,0.0,0.0
2026-08-02T11:46:36Z,WQ,"Gowanus Canal, Outer",30,SB,RH,2026-08-02T06:00:00,0.0,0.0
2026-08-02T11:46:36Z,WQ,Gravesend Bay,1,SB,OH,2026-08-02T06:00:00,0.0,0.0
2026-08-02T11:46:36Z,WQ,Harlem River,7,SB(WW),WI,2026-08-02T06:00:00,0.0,0.0
2026-08-02T11:46:36Z,WQ,Hendrix Creek,14,I,26W,2026-08-02T06:00:00,0.0,0.0
2026-08-02T11:46:36Z,WQ,Hudson River (Bronx),22,SB,WI,2026-08-02T06:00:00,0.0,0.0
2026-08-02T11:46:36Z,WQ,Hudson River (Manhattan),21,SB,NR,2026-08-02T06:00:00,0.0,0.0
2026-08-02T11:46:36Z,WQ,"Hutchinson River, Lower",35,SB,HP,2026-08-02T06:00:00,0.0,0.0
2026-08-02T11:46:36Z,WQ,Jamaica Bay (Brooklyn),33,SB,26W,2026-08-02T06:00:00,0.0,0.0
2026-08-02T11:46:36Z,WQ,Jamaica Bay (Queens),32,SB,JA,2026-08-02T06:00:00,0.0,0.0
2026-08-02T11:46:36Z,WQ,Kill Van Kull,4,SC,PR,2026-08-02T06:00:00,0.0,0.0
2026-08-02T11:46:36Z,WQ,Little Neck Bay,11,SB,TI,2026-08-02T06:00:00,0.0,0.0
2026-08-02T11:46:36Z,WQ,Lower New York Bay,26,SB,OB,2026-08-02T06:00:00,0.0,0.0
2026-08-02T11:46:36Z,WQ,Mill Basin,17,SB,CI,2026-08-02T06:00:00,0.0,0.0
2026-08-02T11:46:36Z,WQ,Newark Bay,3,SC,PR,2026-08-02T06:00:00,0.0,0.0
2026-08-02T11:46:36Z,WQ,"Newtown Creek, Lower",45,SD,NC,2026-08-02T06:00:00,0.0,0.0
2026-08-02T11:46:36Z,WQ,"Newtown Creek, Upper",5,SD,NC,2026-08-02T06:00:00,0.0,0.0
2026-08-02T11:46:36Z,WQ,Paerdegat Basin,16,I,CI,2026-08-02T06:00:00,0.0,0.0
2026-08-02T11:46:36Z,WQ,Powell Cove,39,I,TI,2026-08-02T06:00:00,0.0,0.0
2026-08-02T11:46:36Z,WQ,Sheepshead Bay,20,SB,CI,2026-08-02T06:00:00,0.0,0.0
2026-08-02T11:46:36Z,WQ,Shellbank Basin,43,SB,JA,2026-08-02T06:00:00,0.0,0.0
2026-08-02T11:46:36Z,WQ,Spring Creek,25,I,26W,2026-08-02T06:00:00,0.0,0.0
2026-08-02T11:46:36Z,WQ,Thurston Basin,44,I,JA,2026-08-02T06:00:00,0.0,0.0
2026-08-02T11:46:36Z,WQ,Upper New York Bay,19,SB,OH,2026-08-02T06:00:00,0.0,0.0
2026-08-02T11:46:36Z,WQ,Westchester Creek,9,I,HP,2026-08-02T06:00:00,0.0,0.0
2026-08-02T11:46:36Z,WQ,Western Long Island Sound,34,SB,HP,2026-08-02T06:00:00,0.0,0.0
2026-08-02T11:46:36Z,CSO,Alley Creek,12,I,TI,2026-08-02T06:00:00,0.0,0.0
2026-08-02T11:46:36Z,CSO,"Arthur Kill, Lower",28,I,OB,2026-08-02T06:00:00,0.0,0.0
2026-08-02T11:46:36Z,CSO,"Arthur Kill, Upper",29,SD,OB,2026-08-02T06:00:00,0.0,0.0
2026-08-02T11:46:36Z,CSO,Bergen Basin,42,I,JA,2026-08-02T06:00:00,0.0,0.0
2026-08-02T11:46:36Z,CSO,Bowery Bay,37,I,BB,2026-08-02T06:00:00,0.0,0.0
2026-08-02T11:46:36Z,CSO,"Bronx River, Lower",8,I,HP,2026-08-02T06:00:00,0.0,0.0
2026-08-02T11:46:36Z,CSO,Coney Island Creek,2,I,CI,2026-08-02T06:00:00,0.0,0.0
2026-08-02T11:46:36Z,CSO,East River (near Steinway Creek),38,SD,BB,2026-08-02T06:00:00,0.0,0.0
2026-08-02T11:46:36Z,CSO,East River (near Throgs Neck),31,SB,TI,2026-08-02T06:00:00,0.0,0.0
2026-08-02T11:46:36Z,CSO,East River (RFK to Whitestone),36,I,TI,2026-08-02T06:00:00,0.0,0.0
2026-08-02T11:46:36Z,CSO,"East River, Lower",6,I,NC,2026-08-02T06:00:00,0.0,0.0
2026-08-02T11:46:36Z,CSO,Eastchester Bay,13,SB,HP,2026-08-02T06:00:00,0.0,0.0
2026-08-02T11:46:36Z,CSO,Erie Basin,23,SC,RH,2026-08-02T06:00:00,0.0,0.0
2026-08-02T11:46:36Z,CSO,Flushing Bay,10,I,BB,2026-08-02T06:00:00,0.0,0.0
2026-08-02T11:46:36Z,CSO,Flushing Creek,24,I,TI,2026-08-02T06:00:00,0.0,0.0
2026-08-02T11:46:36Z,CSO,Fresh Creek,15,I,26W,2026-08-02T06:00:00,0.0,0.0
2026-08-02T11:46:36Z,CSO,"Fresh Kills, Lower",40,SD,PR,2026-08-02T06:00:00,0.0,0.0
2026-08-02T11:46:36Z,CSO,"Fresh Kills, Upper",27,SD,PR,2026-08-02T06:00:00,0.0,0.0
2026-08-02T11:46:36Z,CSO,Gerritsen Creek,18,SB,RK,2026-08-02T06:00:00,0.0,0.0
2026-08-02T11:46:36Z,CSO,"Gowanus Canal, Inner",41,SC,RH,2026-08-02T06:00:00,0.0,0.0
2026-08-02T11:46:36Z,CSO,"Gowanus Canal, Outer",30,SB,RH,2026-08-02T06:00:00,0.0,0.0
2026-08-02T11:46:36Z,CSO,Gravesend Bay,1,SB,OH,2026-08-02T06:00:00,0.0,0.0
2026-08-02T11:46:36Z,CSO,Harlem River,7,SB(WW),WI,2026-08-02T06:00:00,0.0,0.0
2026-08-02T11:46:36Z,CSO,Hendrix Creek,14,I,26W,2026-08-02T06:00:00,0.0,0.0
2026-08-02T11:46:36Z,CSO,Hudson River (Bronx),22,SB,WI,2026-08-02T06:00:00,0.0,0.0
2026-08-02T11:46:36Z,CSO,Hudson River (Manhattan),21,SB,NR,2026-08-02T06:00:00,0.0,0.0
2026-08-02T11:46:36Z,CSO,"Hutchinson River, Lower",35,SB,HP,2026-08-02T06:00:00,0.0,0.0
2026-08-02T11:46:36Z,CSO,Jamaica Bay (Brooklyn),33,SB,26W,2026-08-02T06:00:00,0.0,0.0
2026-08-02T11:46:36Z,CSO,Jamaica Bay (Queens),32,SB,JA,2026-08-02T06:00:00,0.0,0.0
2026-08-02T11:46:36Z,CSO,Kill Van Kull,4,SC,PR,2026-08-02T06:00:00,0.0,0.0
2026-08-02T11:46:36Z,CSO,Little Neck Bay,11,SB,TI,2026-08-02T06:00:00,0.0,0.0
2026-08-02T11:46:36Z,CSO,Lower New York Bay,26,SB,OB,2026-08-02T06:00:00,0.0,0.0
2026-08-02T11:46:36Z,CSO,Mill Basin,17,SB,CI,2026-08-02T06:00:00,0.0,0.0
2026-08-02T11:46:36Z,CSO,Newark Bay,3,SC,PR,2026-08-02T06:00:00,0.0,0.0
2026-08-02T11:46:36Z,CSO,"Newtown Creek, Lower",45,SD,NC,2026-08-02T06:00:00,0.0,0.0
2026-08-02T11:46:36Z,CSO,"Newtown Creek, Upper",5,SD,NC,2026-08-02T06:00:00,0.0,0.0
2026-08-02T11:46:36Z,CSO,Paerdegat Basin,16,I,CI,2026-08-02T06:00:00,0.0,0.0
2026-08-02T11:46:36Z,CSO,Powell Cove,39,I,TI,2026-08-02T06:00:00,0.0,0.0
2026-08-02T11:46:36Z,CSO,Sheepshead Bay,20,SB,CI,2026-08-02T06:00:00,0.0,0.0
2026-08-02T11:46:36Z,CSO,Shellbank Basin,43,SB,JA,2026-08-02T06:00:00,0.0,0.0
2026-08-02T11:46:36Z,CSO,Spring Creek,25,I,26W,2026-08-02T06:00:00,0.0,0.0
2026-08-02T11:46:36Z,CSO,Thurston Basin,44,I,JA,2026-08-02T06:00:00,0.0,0.0
2026-08-02T11:46:36Z,CSO,Upper New York Bay,19,SB,OH,2026-08-02T06:00:00,0.0,0.0
2026-08-02T11:46:36Z,CSO,Westchester Creek,9,I,HP,2026-08-02T06:00:00,0.0,0.0
2026-08-02T11:46:36Z,CSO,Western Long Island Sound,34,SB,HP,2026-08-02T06:00:00,0.0,0.0
2026-08-02T15:47:38Z,WQ,Alley Creek,12,I,TI,2026-08-02T10:00:00,0.0,0.0
2026-08-02T15:47:38Z,WQ,"Arthur Kill, Lower",28,I,OB,2026-08-02T10:00:00,0.0,0.0
2026-08-02T15:47:38Z,WQ,"Arthur Kill, Upper",29,SD,OB,2026-08-02T10:00:00,0.0,0.0
2026-08-02T15:47:38Z,WQ,Bergen Basin,42,I,JA,2026-08-02T10:00:00,0.0,0.0
2026-08-02T15:47:38Z,WQ,Bowery Bay,37,I,BB,2026-08-02T10:00:00,0.0,0.0
2026-08-02T15:47:38Z,WQ,"Bronx River, Lower",8,I,HP,2026-08-02T10:00:00,0.0,0.0
2026-08-02T15:47:38Z,WQ,Coney Island Creek,2,I,CI,2026-08-02T10:00:00,0.0,0.0
2026-08-02T15:47:38Z,WQ,East River (near Steinway Creek),38,SD,BB,2026-08-02T10:00:00,0.0,0.0
2026-08-02T15:47:38Z,WQ,East River (near Throgs Neck),31,SB,TI,2026-08-02T10:00:00,0.0,0.0
2026-08-02T15:47:38Z,WQ,East River (RFK to Whitestone),36,I,TI,2026-08-02T10:00:00,0.0,0.0
2026-08-02T15:47:38Z,WQ,"East River, Lower",6,I,NC,2026-08-02T10:00:00,0.0,0.0
2026-08-02T15:47:38Z,WQ,Eastchester Bay,13,SB,HP,2026-08-02T10:00:00,0.0,0.0
2026-08-02T15:47:38Z,WQ,Erie Basin,23,SC,RH,2026-08-02T10:00:00,0.0,0.0
2026-08-02T15:47:38Z,WQ,Flushing Bay,10,I,BB,2026-08-02T10:00:00,0.0,0.0
2026-08-02T15:47:38Z,WQ,Flushing Creek,24,I,TI,2026-08-02T10:00:00,0.0,0.0
2026-08-02T15:47:38Z,WQ,Fresh Creek,15,I,26W,2026-08-02T10:00:00,0.0,0.0
2026-08-02T15:47:38Z,WQ,"Fresh Kills, Lower",40,SD,PR,2026-08-02T10:00:00,0.0,0.0
2026-08-02T15:47:38Z,WQ,"Fresh Kills, Upper",27,SD,PR,2026-08-02T10:00:00,0.0,0.0
2026-08-02T15:47:38Z,WQ,Gerritsen Creek,18,SB,RK,2026-08-02T10:00:00,0.0,0.0
2026-08-02T15:47:38Z,WQ,"Gowanus Canal, Inner",41,SC,RH,2026-08-02T10:00:00,0.0,0.0
2026-08-02T15:47:38Z,WQ,"Gowanus Canal, Outer",30,SB,RH,2026-08-02T10:00:00,0.0,0.0
2026-08-02T15:47:38Z,WQ,Gravesend Bay,1,SB,OH,2026-08-02T10:00:00,0.0,0.0
2026-08-02T15:47:38Z,WQ,Harlem River,7,SB(WW),WI,2026-08-02T10:00:00,0.0,0.0
2026-08-02T15:47:38Z,WQ,Hendrix Creek,14,I,26W,2026-08-02T10:00:00,0.0,0.0
2026-08-02T15:47:38Z,WQ,Hudson River (Bronx),22,SB,WI,2026-08-02T10:00:00,0.0,0.0
2026-08-02T15:47:38Z,WQ,Hudson River (Manhattan),21,SB,NR,2026-08-02T10:00:00,0.0,0.0
2026-08-02T15:47:38Z,WQ,"Hutchinson River, Lower",35,SB,HP,2026-08-02T10:00:00,0.0,0.0
2026-08-02T15:47:38Z,WQ,Jamaica Bay (Brooklyn),33,SB,26W,2026-08-02T10:00:00,0.0,0.0
2026-08-02T15:47:38Z,WQ,Jamaica Bay (Queens),32,SB,JA,2026-08-02T10:00:00,0.0,0.0
2026-08-02T15:47:38Z,WQ,Kill Van Kull,4,SC,PR,2026-08-02T10:00:00,0.0,0.0
2026-08-02T15:47:38Z,WQ,Little Neck Bay,11,SB,TI,2026-08-02T10:00:00,0.0,0.0
2026-08-02T15:47:38Z,WQ,Lower New York Bay,26,SB,OB,2026-08-02T10:00:00,0.0,0.0
2026-08-02T15:47:38Z,WQ,Mill Basin,17,SB,CI,2026-08-02T10:00:00,0.0,0.0
2026-08-02T15:47:38Z,WQ,Newark Bay,3,SC,PR,2026-08-02T10:00:00,0.0,0.0
2026-08-02T15:47:38Z,WQ,"Newtown Creek, Lower",45,SD,NC,2026-08-02T10:00:00,0.0,0.0
2026-08-02T15:47:38Z,WQ,"Newtown Creek, Upper",5,SD,NC,2026-08-02T10:00:00,0.0,0.0
2026-08-02T15:47:38Z,WQ,Paerdegat Basin,16,I,CI,2026-08-02T10:00:00,0.0,0.0
2026-08-02T15:47:38Z,WQ,Powell Cove,39,I,TI,2026-08-02T10:00:00,0.0,0.0
2026-08-02T15:47:38Z,WQ,Sheepshead Bay,20,SB,CI,2026-08-02T10:00:00,0.0,0.0
2026-08-02T15:47:38Z,WQ,Shellbank Basin,43,SB,JA,2026-08-02T10:00:00,0.0,0.0
2026-08-02T15:47:38Z,WQ,Spring Creek,25,I,26W,2026-08-02T10:00:00,0.0,0.0
2026-08-02T15:47:38Z,WQ,Thurston Basin,44,I,JA,2026-08-02T10:00:00,0.0,0.0
2026-08-02T15:47:38Z,WQ,Upper New York Bay,19,SB,OH,2026-08-02T10:00:00,0.0,0.0
2026-08-02T15:47:38Z,WQ,Westchester Creek,9,I,HP,2026-08-02T10:00:00,0.0,0.0
2026-08-02T15:47:38Z,WQ,Western Long Island Sound,34,SB,HP,2026-08-02T10:00:00,0.0,0.0
2026-08-02T15:47:38Z,CSO,Alley Creek,12,I,TI,2026-08-02T10:00:00,0.0,0.0
2026-08-02T15:47:38Z,CSO,"Arthur Kill, Lower",28,I,OB,2026-08-02T10:00:00,0.0,0.0
2026-08-02T15:47:38Z,CSO,"Arthur Kill, Upper",29,SD,OB,2026-08-02T10:00:00,0.0,0.0
2026-08-02T15:47:38Z,CSO,Bergen Basin,42,I,JA,2026-08-02T10:00:00,0.0,0.0
2026-08-02T15:47:38Z,CSO,Bowery Bay,37,I,BB,2026-08-02T10:00:00,0.0,0.0
2026-08-02T15:47:38Z,CSO,"Bronx River, Lower",8,I,HP,2026-08-02T10:00:00,0.0,0.0
2026-08-02T15:47:38Z,CSO,Coney Island Creek,2,I,CI,2026-08-02T10:00:00,0.0,0.0
2026-08-02T15:47:38Z,CSO,East River (near Steinway Creek),38,SD,BB,2026-08-02T10:00:00,0.0,0.0
2026-08-02T15:47:38Z,CSO,East River (near Throgs Neck),31,SB,TI,2026-08-02T10:00:00,0.0,0.0
2026-08-02T15:47:38Z,CSO,East River (RFK to Whitestone),36,I,TI,2026-08-02T10:00:00,0.0,0.0
2026-08-02T15:47:38Z,CSO,"East River, Lower",6,I,NC,2026-08-02T10:00:00,0.0,0.0
2026-08-02T15:47:38Z,CSO,Eastchester Bay,13,SB,HP,2026-08-02T10:00:00,0.0,0.0
2026-08-02T15:47:38Z,CSO,Erie Basin,23,SC,RH,2026-08-02T10:00:00,0.0,0.0
2026-08-02T15:47:38Z,CSO,Flushing Bay,10,I,BB,2026-08-02T10:00:00,0.0,0.0
2026-08-02T15:47:38Z,CSO,Flushing Creek,24,I,TI,2026-08-02T10:00:00,0.0,0.0
2026-08-02T15:47:38Z,CSO,Fresh Creek,15,I,26W,2026-08-02T10:00:00,0.0,0.0
2026-08-02T15:47:38Z,CSO,"Fresh Kills, Lower",40,SD,PR,2026-08-02T10:00:00,0.0,0.0
2026-08-02T15:47:38Z,CSO,"Fresh Kills, Upper",27,SD,PR,2026-08-02T10:00:00,0.0,0.0
2026-08-02T15:47:38Z,CSO,Gerritsen Creek,18,SB,RK,2026-08-02T10:00:00,0.0,0.0
2026-08-02T15:47:38Z,CSO,"Gowanus Canal, Inner",41,SC,RH,2026-08-02T10:00:00,0.0,0.0
2026-08-02T15:47:38Z,CSO,"Gowanus Canal, Outer",30,SB,RH,2026-08-02T10:00:00,0.0,0.0
2026-08-02T15:47:38Z,CSO,Gravesend Bay,1,SB,OH,2026-08-02T10:00:00,0.0,0.0
2026-08-02T15:47:38Z,CSO,Harlem River,7,SB(WW),WI,2026-08-02T10:00:00,0.0,0.0
2026-08-02T15:47:38Z,CSO,Hendrix Creek,14,I,26W,2026-08-02T10:00:00,0.0,0.0
2026-08-02T15:47:38Z,CSO,Hudson River (Bronx),22,SB,WI,2026-08-02T10:00:00,0.0,0.0
2026-08-02T15:47:38Z,CSO,Hudson River (Manhattan),21,SB,NR,2026-08-02T10:00:00,0.0,0.0
2026-08-02T15:47:38Z,CSO,"Hutchinson River, Lower",35,SB,HP,2026-08-02T10:00:00,0.0,0.0
2026-08-02T15:47:38Z,CSO,Jamaica Bay (Brooklyn),33,SB,26W,2026-08-02T10:00:00,0.0,0.0
2026-08-02T15:47:38Z,CSO,Jamaica Bay (Queens),32,SB,JA,2026-08-02T10:00:00,0.0,0.0
2026-08-02T15:47:38Z,CSO,Kill Van Kull,4,SC,PR,2026-08-02T10:00:00,0.0,0.0
2026-08-02T15:47:38Z,CSO,Little Neck Bay,11,SB,TI,2026-08-02T10:00:00,0.0,0.0
2026-08-02T15:47:38Z,CSO,Lower New York Bay,26,SB,OB,2026-08-02T10:00:00,0.0,0.0
2026-08-02T15:47:38Z,CSO,Mill Basin,17,SB,CI,2026-08-02T10:00:00,0.0,0.0
2026-08-02T15:47:38Z,CSO,Newark Bay,3,SC,PR,2026-08-02T10:00:00,0.0,0.0
2026-08-02T15:47:38Z,CSO,"Newtown Creek, Lower",45,SD,NC,2026-08-02T10:00:00,0.0,0.0
2026-08-02T15:47:38Z,CSO,"Newtown Creek, Upper",5,SD,NC,2026-08-02T10:00:00,0.0,0.0
2026-08-02T15:47:38Z,CSO,Paerdegat Basin,16,I,CI,2026-08-02T10:00:00,0.0,0.0
2026-08-02T15:47:38Z,CSO,Powell Cove,39,I,TI,2026-08-02T10:00:00,0.0,0.0
2026-08-02T15:47:38Z,CSO,Sheepshead Bay,20,SB,CI,2026-08-02T10:00:00,0.0,0.0
2026-08-02T15:47:38Z,CSO,Shellbank Basin,43,SB,JA,2026-08-02T10:00:00,0.0,0.0
2026-08-02T15:47:38Z,CSO,Spring Creek,25,I,26W,2026-08-02T10:00:00,0.0,0.0
2026-08-02T15:47:38Z,CSO,Thurston Basin,44,I,JA,2026-08-02T10:00:00,0.0,0.0
2026-08-02T15:47:38Z,CSO,Upper New York Bay,19,SB,OH,2026-08-02T10:00:00,0.0,0.0
2026-08-02T15:47:38Z,CSO,Westchester Creek,9,I,HP,2026-08-02T10:00:00,0.0,0.0
2026-08-02T15:47:38Z,CSO,Western Long Island Sound,34,SB,HP,2026-08-02T10:00:00,0.0,0.0
2026-08-02T20:15:36Z,WQ,Alley Creek,12,I,TI,2026-08-02T15:00:00,0.0,0.0
2026-08-02T20:15:36Z,WQ,"Arthur Kill, Lower",28,I,OB,2026-08-02T15:00:00,0.0,0.0
2026-08-02T20:15:36Z,WQ,"Arthur Kill, Upper",29,SD,OB,2026-08-02T15:00:00,0.0,0.0
2026-08-02T20:15:36Z,WQ,Bergen Basin,42,I,JA,2026-08-02T15:00:00,0.0,0.0
2026-08-02T20:15:36Z,WQ,Bowery Bay,37,I,BB,2026-08-02T15:00:00,0.0,0.0
2026-08-02T20:15:36Z,WQ,"Bronx River, Lower",8,I,HP,2026-08-02T15:00:00,0.0,0.0
2026-08-02T20:15:36Z,WQ,Coney Island Creek,2,I,CI,2026-08-02T15:00:00,0.0,0.0
2026-08-02T20:15:36Z,WQ,East River (near Steinway Creek),38,SD,BB,2026-08-02T15:00:00,0.0,0.0
2026-08-02T20:15:36Z,WQ,East River (near Throgs Neck),31,SB,TI,2026-08-02T15:00:00,0.0,0.0
2026-08-02T20:15:36Z,WQ,East River (RFK to Whitestone),36,I,TI,2026-08-02T15:00:00,0.0,0.0
2026-08-02T20:15:36Z,WQ,"East River, Lower",6,I,NC,2026-08-02T15:00:00,0.0,0.0
2026-08-02T20:15:36Z,WQ,Eastchester Bay,13,SB,HP,2026-08-02T15:00:00,0.0,0.0
2026-08-02T20:15:36Z,WQ,Erie Basin,23,SC,RH,2026-08-02T15:00:00,0.0,0.0
2026-08-02T20:15:36Z,WQ,Flushing Bay,10,I,BB,2026-08-02T15:00:00,0.0,0.0
2026-08-02T20:15:36Z,WQ,Flushing Creek,24,I,TI,2026-08-02T15:00:00,0.0,0.0
2026-08-02T20:15:36Z,WQ,Fresh Creek,15,I,26W,2026-08-02T15:00:00,0.0,0.0
2026-08-02T20:15:36Z,WQ,"Fresh Kills, Lower",40,SD,PR,2026-08-02T15:00:00,0.0,0.0
2026-08-02T20:15:36Z,WQ,"Fresh Kills, Upper",27,SD,PR,2026-08-02T15:00:00,0.0,0.0
2026-08-02T20:15:36Z,WQ,Gerritsen Creek,18,SB,RK,2026-08-02T15:00:00,0.0,0.0
2026-08-02T20:15:36Z,WQ,"Gowanus Canal, Inner",41,SC,RH,2026-08-02T15:00:00,0.0,0.0
2026-08-02T20:15:36Z,WQ,"Gowanus Canal, Outer",30,SB,RH,2026-08-02T15:00:00,0.0,0.0
2026-08-02T20:15:36Z,WQ,Gravesend Bay,1,SB,OH,2026-08-02T15:00:00,0.0,0.0
2026-08-02T20:15:36Z,WQ,Harlem River,7,SB(WW),WI,2026-08-02T15:00:00,0.0,0.0
2026-08-02T20:15:36Z,WQ,Hendrix Creek,14,I,26W,2026-08-02T15:00:00,0.0,0.0
2026-08-02T20:15:36Z,WQ,Hudson River (Bronx),22,SB,WI,2026-08-02T15:00:00,0.0,0.0
2026-08-02T20:15:36Z,WQ,Hudson River (Manhattan),21,SB,NR,2026-08-02T15:00:00,0.0,0.0
2026-08-02T20:15:36Z,WQ,"Hutchinson River, Lower",35,SB,HP,2026-08-02T15:00:00,0.0,0.0
2026-08-02T20:15:36Z,WQ,Jamaica Bay (Brooklyn),33,SB,26W,2026-08-02T15:00:00,0.0,0.0
2026-08-02T20:15:36Z,WQ,Jamaica Bay (Queens),32,SB,JA,2026-08-02T15:00:00,0.0,0.0
2026-08-02T20:15:36Z,WQ,Kill Van Kull,4,SC,PR,2026-08-02T15:00:00,0.0,0.0
2026-08-02T20:15:36Z,WQ,Little Neck Bay,11,SB,TI,2026-08-02T15:00:00,0.0,0.0
2026-08-02T20:15:36Z,WQ,Lower New York Bay,26,SB,OB,2026-08-02T15:00:00,0.0,0.0
2026-08-02T20:15:36Z,WQ,Mill Basin,17,SB,CI,2026-08-02T15:00:00,0.0,0.0
2026-08-02T20:15:36Z,WQ,Newark Bay,3,SC,PR,2026-08-02T15:00:00,0.0,0.0
2026-08-02T20:15:36Z,WQ,"Newtown Creek, Lower",45,SD,NC,2026-08-02T15:00:00,0.0,0.0
2026-08-02T20:15:36Z,WQ,"Newtown Creek, Upper",5,SD,NC,2026-08-02T15:00:00,0.0,0.0
2026-08-02T20:15:36Z,WQ,Paerdegat Basin,16,I,CI,2026-08-02T15:00:00,0.0,0.0
2026-08-02T20:15:36Z,WQ,Powell Cove,39,I,TI,2026-08-02T15:00:00,0.0,0.0
2026-08-02T20:15:36Z,WQ,Sheepshead Bay,20,SB,CI,2026-08-02T15:00:00,0.0,0.0
2026-08-02T20:15:36Z,WQ,Shellbank Basin,43,SB,JA,2026-08-02T15:00:00,0.0,0.0
2026-08-02T20:15:36Z,WQ,Spring Creek,25,I,26W,2026-08-02T15:00:00,0.0,0.0
2026-08-02T20:15:36Z,WQ,Thurston Basin,44,I,JA,2026-08-02T15:00:00,0.0,0.0
2026-08-02T20:15:36Z,WQ,Upper New York Bay,19,SB,OH,2026-08-02T15:00:00,0.0,0.0
2026-08-02T20:15:36Z,WQ,Westchester Creek,9,I,HP,2026-08-02T15:00:00,0.0,0.0
2026-08-02T20:15:36Z,WQ,Western Long Island Sound,34,SB,HP,2026-08-02T15:00:00,0.0,0.0
2026-08-02T20:15:36Z,CSO,Alley Creek,12,I,TI,2026-08-02T15:00:00,0.0,0.0
2026-08-02T20:15:36Z,CSO,"Arthur Kill, Lower",28,I,OB,2026-08-02T15:00:00,0.0,0.0
2026-08-02T20:15:36Z,CSO,"Arthur Kill, Upper",29,SD,OB,2026-08-02T15:00:00,0.0,0.0
2026-08-02T20:15:36Z,CSO,Bergen Basin,42,I,JA,2026-08-02T15:00:00,0.0,0.0
2026-08-02T20:15:36Z,CSO,Bowery Bay,37,I,BB,2026-08-02T15:00:00,0.0,0.0
2026-08-02T20:15:36Z,CSO,"Bronx River, Lower",8,I,HP,2026-08-02T15:00:00,0.0,0.0
2026-08-02T20:15:36Z,CSO,Coney Island Creek,2,I,CI,2026-08-02T15:00:00,0.0,0.0
2026-08-02T20:15:36Z,CSO,East River (near Steinway Creek),38,SD,BB,2026-08-02T15:00:00,0.0,0.0
2026-08-02T20:15:36Z,CSO,East River (near Throgs Neck),31,SB,TI,2026-08-02T15:00:00,0.0,0.0
2026-08-02T20:15:36Z,CSO,East River (RFK to Whitestone),36,I,TI,2026-08-02T15:00:00,0.0,0.0
2026-08-02T20:15:36Z,CSO,"East River, Lower",6,I,NC,2026-08-02T15:00:00,0.0,0.0
2026-08-02T20:15:36Z,CSO,Eastchester Bay,13,SB,HP,2026-08-02T15:00:00,0.0,0.0
2026-08-02T20:15:36Z,CSO,Erie Basin,23,SC,RH,2026-08-02T15:00:00,0.0,0.0
2026-08-02T20:15:36Z,CSO,Flushing Bay,10,I,BB,2026-08-02T15:00:00,0.0,0.0
2026-08-02T20:15:36Z,CSO,Flushing Creek,24,I,TI,2026-08-02T15:00:00,0.0,0.0
2026-08-02T20:15:36Z,CSO,Fresh Creek,15,I,26W,2026-08-02T15:00:00,0.0,0.0
2026-08-02T20:15:36Z,CSO,"Fresh Kills, Lower",40,SD,PR,2026-08-02T15:00:00,0.0,0.0
2026-08-02T20:15:36Z,CSO,"Fresh Kills, Upper",27,SD,PR,2026-08-02T15:00:00,0.0,0.0
2026-08-02T20:15:36Z,CSO,Gerritsen Creek,18,SB,RK,2026-08-02T15:00:00,0.0,0.0
2026-08-02T20:15:36Z,CSO,"Gowanus Canal, Inner",41,SC,RH,2026-08-02T15:00:00,0.0,0.0
2026-08-02T20:15:36Z,CSO,"Gowanus Canal, Outer",30,SB,RH,2026-08-02T15:00:00,0.0,0.0
2026-08-02T20:15:36Z,CSO,Gravesend Bay,1,SB,OH,2026-08-02T15:00:00,0.0,0.0
2026-08-02T20:15:36Z,CSO,Harlem River,7,SB(WW),WI,2026-08-02T15:00:00,0.0,0.0
2026-08-02T20:15:36Z,CSO,Hendrix Creek,14,I,26W,2026-08-02T15:00:00,0.0,0.0
2026-08-02T20:15:36Z,CSO,Hudson River (Bronx),22,SB,WI,2026-08-02T15:00:00,0.0,0.0
2026-08-02T20:15:36Z,CSO,Hudson River (Manhattan),21,SB,NR,2026-08-02T15:00:00,0.0,0.0
2026-08-02T20:15:36Z,CSO,"Hutchinson River, Lower",35,SB,HP,2026-08-02T15:00:00,0.0,0.0
2026-08-02T20:15:36Z,CSO,Jamaica Bay (Brooklyn),33,SB,26W,2026-08-02T15:00:00,0.0,0.0
2026-08-02T20:15:36Z,CSO,Jamaica Bay (Queens),32,SB,JA,2026-08-02T15:00:00,0.0,0.0
2026-08-02T20:15:36Z,CSO,Kill Van Kull,4,SC,PR,2026-08-02T15:00:00,0.0,0.0
2026-08-02T20:15:36Z,CSO,Little Neck Bay,11,SB,TI,2026-08-02T15:00:00,0.0,0.0
2026-08-02T20:15:36Z,CSO,Lower New York Bay,26,SB,OB,2026-08-02T15:00:00,0.0,0.0
2026-08-02T20:15:36Z,CSO,Mill Basin,17,SB,CI,2026-08-02T15:00:00,0.0,0.0
2026-08-02T20:15:36Z,CSO,Newark Bay,3,SC,PR,2026-08-02T15:00:00,0.0,0.0
2026-08-02T20:15:36Z,CSO,"Newtown Creek, Lower",45,SD,NC,2026-08-02T15:00:00,0.0,0.0
2026-08-02T20:15:36Z,CSO,"Newtown Creek, Upper",5,SD,NC,2026-08-02T15:00:00,0.0,0.0
2026-08-02T20:15:36Z,CSO,Paerdegat Basin,16,I,CI,2026-08-02T15:00:00,0.0,0.0
2026-08-02T20:15:36Z,CSO,Powell Cove,39,I,TI,2026-08-02T15:00:00,0.0,0.0
2026-08-02T20:15:36Z,CSO,Sheepshead Bay,20,SB,CI,2026-08-02T15:00:00,0.0,0.0
2026-08-02T20:15:36Z,CSO,Shellbank Basin,43,SB,JA,2026-08-02T15:00:00,0.0,0.0
2026-08-02T20:15:36Z,CSO,Spring Creek,25,I,26W,2026-08-02T15:00:00,0.0,0.0
2026-08-02T20:15:36Z,CSO,Thurston Basin,44,I,JA,2026-08-02T15:00:00,0.0,0.0
2026-08-02T20:15:36Z,CSO,Upper New York Bay,19,SB,OH,2026-08-02T15:00:00,0.0,0.0
2026-08-02T20:15:36Z,CSO,Westchester Creek,9,I,HP,2026-08-02T15:00:00,0.0,0.0
2026-08-02T20:15:36Z,CSO,Western Long Island Sound,34,SB,HP,2026-08-02T15:00:00,0.0,0.0
2026-08-02T23:45:24Z,WQ,Alley Creek,12,I,TI,2026-08-02T18:00:00,0.0,0.0
2026-08-02T23:45:24Z,WQ,"Arthur Kill, Lower",28,I,OB,2026-08-02T18:00:00,0.0,0.0
2026-08-02T23:45:24Z,WQ,"Arthur Kill, Upper",29,SD,OB,2026-08-02T18:00:00,0.0,0.0
2026-08-02T23:45:24Z,WQ,Bergen Basin,42,I,JA,2026-08-02T18:00:00,0.0,0.0
2026-08-02T23:45:24Z,WQ,Bowery Bay,37,I,BB,2026-08-02T18:00:00,0.0,0.0
2026-08-02T23:45:24Z,WQ,"Bronx River, Lower",8,I,HP,2026-08-02T18:00:00,0.0,0.0
2026-08-02T23:45:24Z,WQ,Coney Island Creek,2,I,CI,2026-08-02T18:00:00,0.0,0.0
2026-08-02T23:45:24Z,WQ,East River (near Steinway Creek),38,SD,BB,2026-08-02T18:00:00,0.0,0.0
2026-08-02T23:45:24Z,WQ,East River (near Throgs Neck),31,SB,TI,2026-08-02T18:00:00,0.0,0.0
2026-08-02T23:45:24Z,WQ,East River (RFK to Whitestone),36,I,TI,2026-08-02T18:00:00,0.0,0.0
2026-08-02T23:45:24Z,WQ,"East River, Lower",6,I,NC,2026-08-02T18:00:00,0.0,0.0
2026-08-02T23:45:24Z,WQ,Eastchester Bay,13,SB,HP,2026-08-02T18:00:00,0.0,0.0
2026-08-02T23:45:24Z,WQ,Erie Basin,23,SC,RH,2026-08-02T18:00:00,0.0,0.0
2026-08-02T23:45:24Z,WQ,Flushing Bay,10,I,BB,2026-08-02T18:00:00,0.0,0.0
2026-08-02T23:45:24Z,WQ,Flushing Creek,24,I,TI,2026-08-02T18:00:00,0.0,0.0
2026-08-02T23:45:24Z,WQ,Fresh Creek,15,I,26W,2026-08-02T18:00:00,0.0,0.0
2026-08-02T23:45:24Z,WQ,"Fresh Kills, Lower",40,SD,PR,2026-08-02T18:00:00,0.0,0.0
2026-08-02T23:45:24Z,WQ,"Fresh Kills, Upper",27,SD,PR,2026-08-02T18:00:00,0.0,0.0
2026-08-02T23:45:24Z,WQ,Gerritsen Creek,18,SB,RK,2026-08-02T18:00:00,0.0,0.0
2026-08-02T23:45:24Z,WQ,"Gowanus Canal, Inner",41,SC,RH,2026-08-02T18:00:00,0.0,0.0
2026-08-02T23:45:24Z,WQ,"Gowanus Canal, Outer",30,SB,RH,2026-08-02T18:00:00,0.0,0.0
2026-08-02T23:45:24Z,WQ,Gravesend Bay,1,SB,OH,2026-08-02T18:00:00,0.0,0.0
2026-08-02T23:45:24Z,WQ,Harlem River,7,SB(WW),WI,2026-08-02T18:00:00,0.0,0.0
2026-08-02T23:45:24Z,WQ,Hendrix Creek,14,I,26W,2026-08-02T18:00:00,0.0,0.0
2026-08-02T23:45:24Z,WQ,Hudson River (Bronx),22,SB,WI,2026-08-02T18:00:00,0.0,0.0
2026-08-02T23:45:24Z,WQ,Hudson River (Manhattan),21,SB,NR,2026-08-02T18:00:00,0.0,0.0
2026-08-02T23:45:24Z,WQ,"Hutchinson River, Lower",35,SB,HP,2026-08-02T18:00:00,0.0,0.0
2026-08-02T23:45:24Z,WQ,Jamaica Bay (Brooklyn),33,SB,26W,2026-08-02T18:00:00,0.0,0.0
2026-08-02T23:45:24Z,WQ,Jamaica Bay (Queens),32,SB,JA,2026-08-02T18:00:00,0.0,0.0
2026-08-02T23:45:24Z,WQ,Kill Van Kull,4,SC,PR,2026-08-02T18:00:00,0.0,0.0
2026-08-02T23:45:24Z,WQ,Little Neck Bay,11,SB,TI,2026-08-02T18:00:00,0.0,0.0
2026-08-02T23:45:24Z,WQ,Lower New York Bay,26,SB,OB,2026-08-02T18:00:00,0.0,0.0
2026-08-02T23:45:24Z,WQ,Mill Basin,17,SB,CI,2026-08-02T18:00:00,0.0,0.0
2026-08-02T23:45:24Z,WQ,Newark Bay,3,SC,PR,2026-08-02T18:00:00,0.0,0.0
2026-08-02T23:45:24Z,WQ,"Newtown Creek, Lower",45,SD,NC,2026-08-02T18:00:00,0.0,0.0
2026-08-02T23:45:24Z,WQ,"Newtown Creek, Upper",5,SD,NC,2026-08-02T18:00:00,0.0,0.0
2026-08-02T23:45:24Z,WQ,Paerdegat Basin,16,I,CI,2026-08-02T18:00:00,0.0,0.0
2026-08-02T23:45:24Z,WQ,Powell Cove,39,I,TI,2026-08-02T18:00:00,0.0,0.0
2026-08-02T23:45:24Z,WQ,Sheepshead Bay,20,SB,CI,2026-08-02T18:00:00,0.0,0.0
2026-08-02T23:45:24Z,WQ,Shellbank Basin,43,SB,JA,2026-08-02T18:00:00,0.0,0.0
2026-08-02T23:45:24Z,WQ,Spring Creek,25,I,26W,2026-08-02T18:00:00,0.0,0.0
2026-08-02T23:45:24Z,WQ,Thurston Basin,44,I,JA,2026-08-02T18:00:00,0.0,0.0
2026-08-02T23:45:24Z,WQ,Upper New York Bay,19,SB,OH,2026-08-02T18:00:00,0.0,0.0
2026-08-02T23:45:24Z,WQ,Westchester Creek,9,I,HP,2026-08-02T18:00:00,0.0,0.0
2026-08-02T23:45:24Z,WQ,Western Long Island Sound,34,SB,HP,2026-08-02T18:00:00,0.0,0.0
2026-08-02T23:45:24Z,CSO,Alley Creek,12,I,TI,2026-08-02T18:00:00,0.0,0.0
2026-08-02T23:45:24Z,CSO,"Arthur Kill, Lower",28,I,OB,2026-08-02T18:00:00,0.0,0.0
2026-08-02T23:45:24Z,CSO,"Arthur Kill, Upper",29,SD,OB,2026-08-02T18:00:00,0.0,0.0
2026-08-02T23:45:24Z,CSO,Bergen Basin,42,I,JA,2026-08-02T18:00:00,0.0,0.0
2026-08-02T23:45:24Z,CSO,Bowery Bay,37,I,BB,2026-08-02T18:00:00,0.0,0.0
2026-08-02T23:45:24Z,CSO,"Bronx River, Lower",8,I,HP,2026-08-02T18:00:00,0.0,0.0
2026-08-02T23:45:24Z,CSO,Coney Island Creek,2,I,CI,2026-08-02T18:00:00,0.0,0.0
2026-08-02T23:45:24Z,CSO,East River (near Steinway Creek),38,SD,BB,2026-08-02T18:00:00,0.0,0.0
2026-08-02T23:45:24Z,CSO,East River (near Throgs Neck),31,SB,TI,2026-08-02T18:00:00,0.0,0.0
2026-08-02T23:45:24Z,CSO,East River (RFK to Whitestone),36,I,TI,2026-08-02T18:00:00,0.0,0.0
2026-08-02T23:45:24Z,CSO,"East River, Lower",6,I,NC,2026-08-02T18:00:00,0.0,0.0
2026-08-02T23:45:24Z,CSO,Eastchester Bay,13,SB,HP,2026-08-02T18:00:00,0.0,0.0
2026-08-02T23:45:24Z,CSO,Erie Basin,23,SC,RH,2026-08-02T18:00:00,0.0,0.0
2026-08-02T23:45:24Z,CSO,Flushing Bay,10,I,BB,2026-08-02T18:00:00,0.0,0.0
2026-08-02T23:45:24Z,CSO,Flushing Creek,24,I,TI,2026-08-02T18:00:00,0.0,0.0
2026-08-02T23:45:24Z,CSO,Fresh Creek,15,I,26W,2026-08-02T18:00:00,0.0,0.0
2026-08-02T23:45:24Z,CSO,"Fresh Kills, Lower",40,SD,PR,2026-08-02T18:00:00,0.0,0.0
2026-08-02T23:45:24Z,CSO,"Fresh Kills, Upper",27,SD,PR,2026-08-02T18:00:00,0.0,0.0
2026-08-02T23:45:24Z,CSO,Gerritsen Creek,18,SB,RK,2026-08-02T18:00:00,0.0,0.0
2026-08-02T23:45:24Z,CSO,"Gowanus Canal, Inner",41,SC,RH,2026-08-02T18:00:00,0.0,0.0
2026-08-02T23:45:24Z,CSO,"Gowanus Canal, Outer",30,SB,RH,2026-08-02T18:00:00,0.0,0.0
2026-08-02T23:45:24Z,CSO,Gravesend Bay,1,SB,OH,2026-08-02T18:00:00,0.0,0.0
2026-08-02T23:45:24Z,CSO,Harlem River,7,SB(WW),WI,2026-08-02T18:00:00,0.0,0.0
2026-08-02T23:45:24Z,CSO,Hendrix Creek,14,I,26W,2026-08-02T18:00:00,0.0,0.0
2026-08-02T23:45:24Z,CSO,Hudson River (Bronx),22,SB,WI,2026-08-02T18:00:00,0.0,0.0
2026-08-02T23:45:24Z,CSO,Hudson River (Manhattan),21,SB,NR,2026-08-02T18:00:00,0.0,0.0
2026-08-02T23:45:24Z,CSO,"Hutchinson River, Lower",35,SB,HP,2026-08-02T18:00:00,0.0,0.0
2026-08-02T23:45:24Z,CSO,Jamaica Bay (Brooklyn),33,SB,26W,2026-08-02T18:00:00,0.0,0.0
2026-08-02T23:45:24Z,CSO,Jamaica Bay (Queens),32,SB,JA,2026-08-02T18:00:00,0.0,0.0
2026-08-02T23:45:24Z,CSO,Kill Van Kull,4,SC,PR,2026-08-02T18:00:00,0.0,0.0
2026-08-02T23:45:24Z,CSO,Little Neck Bay,11,SB,TI,2026-08-02T18:00:00,0.0,0.0
2026-08-02T23:45:24Z,CSO,Lower New York Bay,26,SB,OB,2026-08-02T18:00:00,0.0,0.0
2026-08-02T23:45:24Z,CSO,Mill Basin,17,SB,CI,2026-08-02T18:00:00,0.0,0.0
2026-08-02T23:45:24Z,CSO,Newark Bay,3,SC,PR,2026-08-02T18:00:00,0.0,0.0
2026-08-02T23:45:24Z,CSO,"Newtown Creek, Lower",45,SD,NC,2026-08-02T18:00:00,0.0,0.0
2026-08-02T23:45:24Z,CSO,"Newtown Creek, Upper",5,SD,NC,2026-08-02T18:00:00,0.0,0.0
2026-08-02T23:45:24Z,CSO,Paerdegat Basin,16,I,CI,2026-08-02T18:00:00,0.0,0.0
2026-08-02T23:45:24Z,CSO,Powell Cove,39,I,TI,2026-08-02T18:00:00,0.0,0.0
2026-08-02T23:45:24Z,CSO,Sheepshead Bay,20,SB,CI,2026-08-02T18:00:00,0.0,0.0
2026-08-02T23:45:24Z,CSO,Shellbank Basin,43,SB,JA,2026-08-02T18:00:00,0.0,0.0
2026-08-02T23:45:24Z,CSO,Spring Creek,25,I,26W,2026-08-02T18:00:00,0.0,0.0
2026-08-02T23:45:24Z,CSO,Thurston Basin,44,I,JA,2026-08-02T18:00:00,0.0,0.0
2026-08-02T23:45:24Z,CSO,Upper New York Bay,19,SB,OH,2026-08-02T18:00:00,0.0,0.0
2026-08-02T23:45:24Z,CSO,Westchester Creek,9,I,HP,2026-08-02T18:00:00,0.0,0.0
2026-08-02T23:45:24Z,CSO,Western Long Island Sound,34,SB,HP,2026-08-02T18:00:00,0.0,0.0
