waterbody,gauge,threshold_in,episodes_per_yr,adv_hours_per_yr,pct_time,median_dur_hr
Coney Island Creek,CI,0.05,42.1,3506,40.0,73
"Hutchinson River, Lower",HP,0.05,50.0,3140,35.8,52
"Bronx River, Lower",HP,0.05,50.8,3087,35.2,54
Flushing Creek,TI,0.05,48.0,2976,33.9,50
"Newtown Creek, Upper",NC,0.23,41.4,2691,30.7,55
"Fresh Kills, Upper",PR,0.15,48.6,2234,25.5,36
Alley Creek,TI,0.05,55.0,2174,24.8,33
Bergen Basin,JA,0.05,55.6,2008,22.9,30
Fresh Creek,26,0.05,57.8,1923,21.9,28
Thurston Basin,JA,0.05,56.9,1909,21.8,27
Flushing Bay,BB,0.19,46.1,1898,21.7,35
"Newtown Creek, Lower",NC,0.3,40.1,1829,20.9,38
"Arthur Kill, Upper",OB,0.1,58.4,1637,18.7,23
Westchester Creek,HP,0.19,50.1,1556,17.7,23
Gravesend Bay,OH,0.1,55.7,1542,17.6,23
"Gowanus Canal, Outer",RH,0.46,31.2,1524,17.4,41
Hendrix Creek,26,0.09,57.9,1489,17.0,21
"Fresh Kills, Lower",PR,0.16,52.8,1476,16.8,20
"Gowanus Canal, Inner",RH,0.23,47.2,1253,14.3,21
Erie Basin,RH,0.27,44.6,1182,13.5,20
Harlem River,WI,0.5,30.0,1049,12.0,31
Sheepshead Bay,CI,0.18,48.4,1012,11.5,17
Newark Bay,PR,0.39,34.2,997,11.4,22
Bowery Bay,BB,0.29,42.1,1003,11.4,20
Kill Van Kull,PR,0.44,32.1,911,10.4,22
East River (near Steinway Creek),BB,0.54,26.3,895,10.2,31
Upper New York Bay,OH,0.34,36.0,885,10.1,21
Shellbank Basin,JA,0.34,36.5,888,10.1,20
Paerdegat Basin,CI,0.38,32.5,816,9.3,20
Hudson River (Manhattan),NR,0.41,34.2,805,9.2,20
Gerritsen Creek,RK,0.4,32.1,787,9.0,18
Little Neck Bay,TI,0.46,30.9,745,8.5,20
Spring Creek,26,0.64,22.5,721,8.2,29
"East River, Lower",NC,0.8,22.4,628,7.2,26
East River (RFK to Whitestone),TI,0.61,24.6,592,6.8,22
"Arthur Kill, Lower",OB,0.7,20.9,559,6.4,23
Hudson River (Bronx),WI,0.62,25.8,551,6.3,19
Jamaica Bay (Queens),JA,0.74,18.6,437,5.0,21
Powell Cove,TI,0.9,16.1,398,4.5,23
East River (near Throgs Neck),TI,1.0,13.1,342,3.9,24
Lower New York Bay,OB,1.3,7.3,204,2.3,25
Eastchester Bay,HP,1.53,6.1,171,2.0,23
Jamaica Bay (Brooklyn),26,1.46,5.4,163,1.9,27
Mill Basin,CI,1.34,5.2,162,1.8,24
Western Long Island Sound,HP,2.0,2.9,72,0.8,18
